title,linkn,imgurl,category
Indian Kurti for Womens With Pant & Dupatta | Rayon Foil Printed Long Kurta Partywear Kurtis For Women Tunic Tops,https://www.amazon.com/Indian-Womens-Dupatta-Printed-Partywear/dp/B0BGBSCLX4/ref=sr_1_2?dib=eyJ2IjoiMSJ9.urelMuR7A-JITIZNobiOxUuOlTL1czDE08yFe9QsnMtGd8FDD2hujRtimzJpUrUWF2qiiRmzBhMSckCDsY2mkBCMrjNTi6x4SO58HjUnQSJAXbrWPwPX1bm6OWjdcCQBU9K1SFunZV8vs8pknZ4LrgMiVWWdfLrCa16Ok-r5v0_pewnba9ObTHJQl7YOYaso3C-bsPZ5zBaJafNAP6D4CgTMoqJmXeTYQEIByL5eS_j1C9FiIr8TZi7G9AlNG-qRb4A4Uoz4s1rF83KbsuDmczmSLI_6L59DK1lN6zEOJXM.OT7o7Kus5Bubrfl5F5yz4p3GXKZjiZ5qa6VRezyImx0&dib_tag=se&keywords=ethnic+wear+for+women&qid=1718987044&sr=8-2,https://m.media-amazon.com/images/I/71abceUNWqL.__AC_SX342_SY445_QL70_ML2_.jpg,ethnic+wear+for+women
Tissu Women's Cotton Blue Printed Kurta Set with Palazzo,https://www.amazon.com/Tissu-Womens-Printed-Palazzo-Tis-560-38_Blue_7XL/dp/B08KXZBH63/ref=sr_1_6?dib=eyJ2IjoiMSJ9.urelMuR7A-JITIZNobiOxUuOlTL1czDE08yFe9QsnMtGd8FDD2hujRtimzJpUrUWF2qiiRmzBhMSckCDsY2mkBCMrjNTi6x4SO58HjUnQSJAXbrWPwPX1bm6OWjdcCQBU9K1SFunZV8vs8pknZ4LrgMiVWWdfLrCa16Ok-r5v0_pewnba9ObTHJQl7YOYaso3C-bsPZ5zBaJafNAP6D4CgTMoqJmXeTYQEIByL5eS_j1C9FiIr8TZi7G9AlNG-qRb4A4Uoz4s1rF83KbsuDmczmSLI_6L59DK1lN6zEOJXM.OT7o7Kus5Bubrfl5F5yz4p3GXKZjiZ5qa6VRezyImx0&dib_tag=se&keywords=ethnic+wear+for+women&qid=1718987044&sr=8-6,https://m.media-amazon.com/images/I/71+74RtWhVL._AC_SX342_SY445_.jpg,ethnic+wear+for+women
"QIANXIZHAN Women's Harem Pants, High Waist Yoga Boho Trousers with Pockets",https://www.amazon.com/QIANXIZHAN-Pants-Yoga-Trousers-Pockets/dp/B09L1LJ979/ref=sr_1_10?dib=eyJ2IjoiMSJ9.urelMuR7A-JITIZNobiOxUuOlTL1czDE08yFe9QsnMtGd8FDD2hujRtimzJpUrUWF2qiiRmzBhMSckCDsY2mkBCMrjNTi6x4SO58HjUnQSJAXbrWPwPX1bm6OWjdcCQBU9K1SFunZV8vs8pknZ4LrgMiVWWdfLrCa16Ok-r5v0_pewnba9ObTHJQl7YOYaso3C-bsPZ5zBaJafNAP6D4CgTMoqJmXeTYQEIByL5eS_j1C9FiIr8TZi7G9AlNG-qRb4A4Uoz4s1rF83KbsuDmczmSLI_6L59DK1lN6zEOJXM.OT7o7Kus5Bubrfl5F5yz4p3GXKZjiZ5qa6VRezyImx0&dib_tag=se&keywords=ethnic+wear+for+women&qid=1718987044&sr=8-10,https://m.media-amazon.com/images/I/8189fzT2o8L.__AC_SY445_SX342_QL70_ML2_.jpg,ethnic+wear+for+women
Janasya Indian Women's Navy Blue Crepe Top with Palazzo and Shrug,https://www.amazon.com/Janasya-Womens-Crepe-Palazzo-SET098-KR-PP-XS/dp/B07X5FV7QJ/ref=sr_1_11?dib=eyJ2IjoiMSJ9.urelMuR7A-JITIZNobiOxUuOlTL1czDE08yFe9QsnMtGd8FDD2hujRtimzJpUrUWF2qiiRmzBhMSckCDsY2mkBCMrjNTi6x4SO58HjUnQSJAXbrWPwPX1bm6OWjdcCQBU9K1SFunZV8vs8pknZ4LrgMiVWWdfLrCa16Ok-r5v0_pewnba9ObTHJQl7YOYaso3C-bsPZ5zBaJafNAP6D4CgTMoqJmXeTYQEIByL5eS_j1C9FiIr8TZi7G9AlNG-qRb4A4Uoz4s1rF83KbsuDmczmSLI_6L59DK1lN6zEOJXM.OT7o7Kus5Bubrfl5F5yz4p3GXKZjiZ5qa6VRezyImx0&dib_tag=se&keywords=ethnic+wear+for+women&qid=1718987044&sr=8-11,https://m.media-amazon.com/images/I/71kzumSGsLL.__AC_SX342_SY445_QL70_ML2_.jpg,ethnic+wear+for+women
Chandrakala Gown Maxi Dress for Women Evening Party Wear Maternity Flowy Long Relaxed Fit Kurti (K199-P),https://www.amazon.com/Chandrakala-Printed-Indian-Anarkali-K199BLA1/dp/B09MKL2TB2/ref=sr_1_13?dib=eyJ2IjoiMSJ9.urelMuR7A-JITIZNobiOxUuOlTL1czDE08yFe9QsnMtGd8FDD2hujRtimzJpUrUWF2qiiRmzBhMSckCDsY2mkBCMrjNTi6x4SO58HjUnQSJAXbrWPwPX1bm6OWjdcCQBU9K1SFunZV8vs8pknZ4LrgMiVWWdfLrCa16Ok-r5v0_pewnba9ObTHJQl7YOYaso3C-bsPZ5zBaJafNAP6D4CgTMoqJmXeTYQEIByL5eS_j1C9FiIr8TZi7G9AlNG-qRb4A4Uoz4s1rF83KbsuDmczmSLI_6L59DK1lN6zEOJXM.OT7o7Kus5Bubrfl5F5yz4p3GXKZjiZ5qa6VRezyImx0&dib_tag=se&keywords=ethnic+wear+for+women&qid=1718987044&sr=8-13,https://m.media-amazon.com/images/I/81Z7Gv6pRxL.__AC_SX342_SY445_QL70_ML2_.jpg,ethnic+wear+for+women
Indian Tunic Cotton Gold Print Anarkali Kurtis for Women (Red),https://www.amazon.com/Yash-Gallery-Womens-Cotton-Anarkali/dp/B08W1TY665/ref=sr_1_16?dib=eyJ2IjoiMSJ9.urelMuR7A-JITIZNobiOxUuOlTL1czDE08yFe9QsnMtGd8FDD2hujRtimzJpUrUWF2qiiRmzBhMSckCDsY2mkBCMrjNTi6x4SO58HjUnQSJAXbrWPwPX1bm6OWjdcCQBU9K1SFunZV8vs8pknZ4LrgMiVWWdfLrCa16Ok-r5v0_pewnba9ObTHJQl7YOYaso3C-bsPZ5zBaJafNAP6D4CgTMoqJmXeTYQEIByL5eS_j1C9FiIr8TZi7G9AlNG-qRb4A4Uoz4s1rF83KbsuDmczmSLI_6L59DK1lN6zEOJXM.OT7o7Kus5Bubrfl5F5yz4p3GXKZjiZ5qa6VRezyImx0&dib_tag=se&keywords=ethnic+wear+for+women&qid=1718987044&sr=8-16,https://m.media-amazon.com/images/I/81sivYYTNES.__AC_SX342_SY445_QL70_ML2_.jpg,ethnic+wear+for+women
Women's Rayon Indian Ethnic Tunic Top Kurti-Palazzo Set for Women,https://www.amazon.com/Womens-Indian-Ethnic-Kurti-Palazzo-blue834/dp/B08W9N18CG/ref=sr_1_18?dib=eyJ2IjoiMSJ9.urelMuR7A-JITIZNobiOxUuOlTL1czDE08yFe9QsnMtGd8FDD2hujRtimzJpUrUWF2qiiRmzBhMSckCDsY2mkBCMrjNTi6x4SO58HjUnQSJAXbrWPwPX1bm6OWjdcCQBU9K1SFunZV8vs8pknZ4LrgMiVWWdfLrCa16Ok-r5v0_pewnba9ObTHJQl7YOYaso3C-bsPZ5zBaJafNAP6D4CgTMoqJmXeTYQEIByL5eS_j1C9FiIr8TZi7G9AlNG-qRb4A4Uoz4s1rF83KbsuDmczmSLI_6L59DK1lN6zEOJXM.OT7o7Kus5Bubrfl5F5yz4p3GXKZjiZ5qa6VRezyImx0&dib_tag=se&keywords=ethnic+wear+for+women&qid=1718987044&sr=8-18,https://m.media-amazon.com/images/I/81Y37yJiDpL.__AC_SX342_SY445_QL70_ML2_.jpg,ethnic+wear+for+women
R.Vivimos Women Long Sleeve Cotton Casual Loose Plus Size Irregular Long Dresses,https://www.amazon.com/R-Vivimos-Sleeve-Cotton-Irregular-Dresses/dp/B07HNJC4KX/ref=sr_1_21?dib=eyJ2IjoiMSJ9.urelMuR7A-JITIZNobiOxUuOlTL1czDE08yFe9QsnMtGd8FDD2hujRtimzJpUrUWF2qiiRmzBhMSckCDsY2mkBCMrjNTi6x4SO58HjUnQSJAXbrWPwPX1bm6OWjdcCQBU9K1SFunZV8vs8pknZ4LrgMiVWWdfLrCa16Ok-r5v0_pewnba9ObTHJQl7YOYaso3C-bsPZ5zBaJafNAP6D4CgTMoqJmXeTYQEIByL5eS_j1C9FiIr8TZi7G9AlNG-qRb4A4Uoz4s1rF83KbsuDmczmSLI_6L59DK1lN6zEOJXM.OT7o7Kus5Bubrfl5F5yz4p3GXKZjiZ5qa6VRezyImx0&dib_tag=se&keywords=ethnic+wear+for+women&qid=1718987044&sr=8-21,https://m.media-amazon.com/images/I/71rQ2dekUSL.__AC_SX342_SY445_QL70_ML2_.jpg,ethnic+wear+for+women
"Yash Gallery Women's Jacket Style Indian Anarkali Kurta for Women (Black, L)",https://www.amazon.com/GALLERY-Womens-Geometric-Embroidered-Anarkali/dp/B07VKNTJ12/ref=sr_1_24?dib=eyJ2IjoiMSJ9.urelMuR7A-JITIZNobiOxUuOlTL1czDE08yFe9QsnMtGd8FDD2hujRtimzJpUrUWF2qiiRmzBhMSckCDsY2mkBCMrjNTi6x4SO58HjUnQSJAXbrWPwPX1bm6OWjdcCQBU9K1SFunZV8vs8pknZ4LrgMiVWWdfLrCa16Ok-r5v0_pewnba9ObTHJQl7YOYaso3C-bsPZ5zBaJafNAP6D4CgTMoqJmXeTYQEIByL5eS_j1C9FiIr8TZi7G9AlNG-qRb4A4Uoz4s1rF83KbsuDmczmSLI_6L59DK1lN6zEOJXM.OT7o7Kus5Bubrfl5F5yz4p3GXKZjiZ5qa6VRezyImx0&dib_tag=se&keywords=ethnic+wear+for+women&qid=1718987044&sr=8-24,https://m.media-amazon.com/images/I/61e6OB6ypeL.__AC_SY445_SX342_QL70_ML2_.jpg,ethnic+wear+for+women
LILLUSORY 2 Piece Knit Sets For Women Trendy Sweatsuit Sets,https://www.amazon.com/LILLUSORY-Matching-Loungewear-Clothing-Oversized/dp/B0BVW1JD33/ref=sr_1_26?dib=eyJ2IjoiMSJ9.urelMuR7A-JITIZNobiOxUuOlTL1czDE08yFe9QsnMtGd8FDD2hujRtimzJpUrUWF2qiiRmzBhMSckCDsY2mkBCMrjNTi6x4SO58HjUnQSJAXbrWPwPX1bm6OWjdcCQBU9K1SFunZV8vs8pknZ4LrgMiVWWdfLrCa16Ok-r5v0_pewnba9ObTHJQl7YOYaso3C-bsPZ5zBaJafNAP6D4CgTMoqJmXeTYQEIByL5eS_j1C9FiIr8TZi7G9AlNG-qRb4A4Uoz4s1rF83KbsuDmczmSLI_6L59DK1lN6zEOJXM.OT7o7Kus5Bubrfl5F5yz4p3GXKZjiZ5qa6VRezyImx0&dib_tag=se&keywords=ethnic+wear+for+women&qid=1718987044&sr=8-26,https://m.media-amazon.com/images/I/717oZ78e8-L.__AC_SX342_SY445_QL70_ML2_.jpg,ethnic+wear+for+women
Janasya Indian Women's Tunic Tops Crepe Kurti Set With Dupatta for Women Turquoise,https://www.amazon.com/Janasya-Indian-Dupatta-SET058-KR-NP-XS-Turquoise/dp/B07R4M7CX2/ref=sr_1_32?dib=eyJ2IjoiMSJ9.urelMuR7A-JITIZNobiOxUuOlTL1czDE08yFe9QsnMtGd8FDD2hujRtimzJpUrUWF2qiiRmzBhMSckCDsY2mkBCMrjNTi6x4SO58HjUnQSJAXbrWPwPX1bm6OWjdcCQBU9K1SFunZV8vs8pknZ4LrgMiVWWdfLrCa16Ok-r5v0_pewnba9ObTHJQl7YOYaso3C-bsPZ5zBaJafNAP6D4CgTMoqJmXeTYQEIByL5eS_j1C9FiIr8TZi7G9AlNG-qRb4A4Uoz4s1rF83KbsuDmczmSLI_6L59DK1lN6zEOJXM.OT7o7Kus5Bubrfl5F5yz4p3GXKZjiZ5qa6VRezyImx0&dib_tag=se&keywords=ethnic+wear+for+women&qid=1718987044&sr=8-32,https://m.media-amazon.com/images/I/71wQ3t7L2xL.__AC_SX342_SY445_QL70_ML2_.jpg,ethnic+wear+for+women
Yash Gallery Rayon Floral Printed Anarkali Kurtis for Women Indian Style,https://www.amazon.com/GALLERY-Womens-Floral-Printed-Anarkali/dp/B08SK1L9H4/ref=sr_1_38?dib=eyJ2IjoiMSJ9.urelMuR7A-JITIZNobiOxUuOlTL1czDE08yFe9QsnMtGd8FDD2hujRtimzJpUrUWF2qiiRmzBhMSckCDsY2mkBCMrjNTi6x4SO58HjUnQSJAXbrWPwPX1bm6OWjdcCQBU9K1SFunZV8vs8pknZ4LrgMiVWWdfLrCa16Ok-r5v0_pewnba9ObTHJQl7YOYaso3C-bsPZ5zBaJafNAP6D4CgTMoqJmXeTYQEIByL5eS_j1C9FiIr8TZi7G9AlNG-qRb4A4Uoz4s1rF83KbsuDmczmSLI_6L59DK1lN6zEOJXM.OT7o7Kus5Bubrfl5F5yz4p3GXKZjiZ5qa6VRezyImx0&dib_tag=se&keywords=ethnic+wear+for+women&qid=1718987044&sr=8-38,https://m.media-amazon.com/images/I/81YaTxYj+ES._AC_SY445_SX342_.jpg,ethnic+wear+for+women
RanRui Floral Print Kaftan Dresses for Women Ethnic Boho Print swim cover up Batwing Sleeve Vneck Caftans,https://www.amazon.com/RanRui-Dresses-Batwing-Caftans-Oversized/dp/B0CHFDM5JG/ref=sr_1_39?dib=eyJ2IjoiMSJ9.urelMuR7A-JITIZNobiOxUuOlTL1czDE08yFe9QsnMtGd8FDD2hujRtimzJpUrUWF2qiiRmzBhMSckCDsY2mkBCMrjNTi6x4SO58HjUnQSJAXbrWPwPX1bm6OWjdcCQBU9K1SFunZV8vs8pknZ4LrgMiVWWdfLrCa16Ok-r5v0_pewnba9ObTHJQl7YOYaso3C-bsPZ5zBaJafNAP6D4CgTMoqJmXeTYQEIByL5eS_j1C9FiIr8TZi7G9AlNG-qRb4A4Uoz4s1rF83KbsuDmczmSLI_6L59DK1lN6zEOJXM.OT7o7Kus5Bubrfl5F5yz4p3GXKZjiZ5qa6VRezyImx0&dib_tag=se&keywords=ethnic+wear+for+women&qid=1718987044&sr=8-39,https://m.media-amazon.com/images/I/61PUqzeCVNL.__AC_SX342_SY445_QL70_ML2_.jpg,ethnic+wear+for+women
"Cotton Kurti Set For Women | Indian Women Printed Kurti Set With Pant | Set Includes Printed Kurti, Pant & Dupatta",https://www.amazon.com/Meyali-Cotton-Indian-Printed-Dupatta/dp/B0CVV6ZH4M/ref=sr_1_40?dib=eyJ2IjoiMSJ9.urelMuR7A-JITIZNobiOxUuOlTL1czDE08yFe9QsnMtGd8FDD2hujRtimzJpUrUWF2qiiRmzBhMSckCDsY2mkBCMrjNTi6x4SO58HjUnQSJAXbrWPwPX1bm6OWjdcCQBU9K1SFunZV8vs8pknZ4LrgMiVWWdfLrCa16Ok-r5v0_pewnba9ObTHJQl7YOYaso3C-bsPZ5zBaJafNAP6D4CgTMoqJmXeTYQEIByL5eS_j1C9FiIr8TZi7G9AlNG-qRb4A4Uoz4s1rF83KbsuDmczmSLI_6L59DK1lN6zEOJXM.OT7o7Kus5Bubrfl5F5yz4p3GXKZjiZ5qa6VRezyImx0&dib_tag=se&keywords=ethnic+wear+for+women&qid=1718987044&sr=8-40,https://m.media-amazon.com/images/I/51gDiWBRqgL.__AC_SX342_SY445_QL70_ML2_.jpg,ethnic+wear+for+women
Janasya Indian Women's Tunic Tops Crepe Kurti for Women,https://www.amazon.com/Janasya-Indian-Tunic-Crepe-JNE3261-KR-XL/dp/B07R4DCZR7/ref=sr_1_41?dib=eyJ2IjoiMSJ9.urelMuR7A-JITIZNobiOxUuOlTL1czDE08yFe9QsnMtGd8FDD2hujRtimzJpUrUWF2qiiRmzBhMSckCDsY2mkBCMrjNTi6x4SO58HjUnQSJAXbrWPwPX1bm6OWjdcCQBU9K1SFunZV8vs8pknZ4LrgMiVWWdfLrCa16Ok-r5v0_pewnba9ObTHJQl7YOYaso3C-bsPZ5zBaJafNAP6D4CgTMoqJmXeTYQEIByL5eS_j1C9FiIr8TZi7G9AlNG-qRb4A4Uoz4s1rF83KbsuDmczmSLI_6L59DK1lN6zEOJXM.OT7o7Kus5Bubrfl5F5yz4p3GXKZjiZ5qa6VRezyImx0&dib_tag=se&keywords=ethnic+wear+for+women&qid=1718987044&sr=8-41,https://m.media-amazon.com/images/I/71Gd1DfrCtL.__AC_SX342_SY445_QL70_ML2_.jpg,ethnic+wear+for+women
Afibi Women Full/Ankle Length Blending Maxi Chiffon Long Skirt Beach Skirt,https://www.amazon.com/Afibi-Blending-Chiffon-Vintage-Pattern/dp/B01DHRKKMA/ref=sr_1_43?dib=eyJ2IjoiMSJ9.urelMuR7A-JITIZNobiOxUuOlTL1czDE08yFe9QsnMtGd8FDD2hujRtimzJpUrUWF2qiiRmzBhMSckCDsY2mkBCMrjNTi6x4SO58HjUnQSJAXbrWPwPX1bm6OWjdcCQBU9K1SFunZV8vs8pknZ4LrgMiVWWdfLrCa16Ok-r5v0_pewnba9ObTHJQl7YOYaso3C-bsPZ5zBaJafNAP6D4CgTMoqJmXeTYQEIByL5eS_j1C9FiIr8TZi7G9AlNG-qRb4A4Uoz4s1rF83KbsuDmczmSLI_6L59DK1lN6zEOJXM.OT7o7Kus5Bubrfl5F5yz4p3GXKZjiZ5qa6VRezyImx0&dib_tag=se&keywords=ethnic+wear+for+women&qid=1718987044&sr=8-43,https://m.media-amazon.com/images/I/81NDs6tD88L.__AC_SX342_SY445_QL70_ML2_.jpg,ethnic+wear+for+women
Janasya Indian Women's Green Printed Kurta With Palazzo And Dupatta,https://www.amazon.com/Janasya-Indian-Palazzo-Dupatta-J0012-SKD-L/dp/B08B4TW986/ref=sr_1_47?dib=eyJ2IjoiMSJ9.urelMuR7A-JITIZNobiOxUuOlTL1czDE08yFe9QsnMtGd8FDD2hujRtimzJpUrUWF2qiiRmzBhMSckCDsY2mkBCMrjNTi6x4SO58HjUnQSJAXbrWPwPX1bm6OWjdcCQBU9K1SFunZV8vs8pknZ4LrgMiVWWdfLrCa16Ok-r5v0_pewnba9ObTHJQl7YOYaso3C-bsPZ5zBaJafNAP6D4CgTMoqJmXeTYQEIByL5eS_j1C9FiIr8TZi7G9AlNG-qRb4A4Uoz4s1rF83KbsuDmczmSLI_6L59DK1lN6zEOJXM.OT7o7Kus5Bubrfl5F5yz4p3GXKZjiZ5qa6VRezyImx0&dib_tag=se&keywords=ethnic+wear+for+women&qid=1718987044&sr=8-47,https://m.media-amazon.com/images/I/81RgKQS4K-L.__AC_SX342_SY445_QL70_ML2_.jpg,ethnic+wear+for+women
Poetsky Summer Womens Tunic Tops for Leggings with Pockets Short Sleeve Casual Long T Shrits,https://www.amazon.com/Pockets-Oversized-Printed-Blouses-Leggings/dp/B0D3F96C28/ref=sr_1_49?dib=eyJ2IjoiMSJ9.zAtKdUpnwewP_tnSDjmYHozycyglwM08_jRd_neICPc-kwcR1H7Y5ug0CwHL1bdbCoReh3QoCcnVUt5BnkRc766MXjS-_b6Qbjcfb2oiwD54AyJN13I54quqjRymSxcP23MHAU-sqQpitswncgq6CeSqdbTKIxgHLJ480b4S9bWrTN3KSu40DWj2bYT2-w73f3x7xROOsGXhCBn63cKOgOKF9MRww4LFg-VqsEHRps-rmGltQHb7gUgq7N13qqJPwi4V_k4roC71jYsx9KOj6LkcXoZIv92qePqJmJK71lM.sEhnr13n0GyM_Y0FSycHYlrdWMMrtw4HMNEwd9rNLA0&dib_tag=se&keywords=ethnic+wear+for+women&qid=1718987046&sr=8-49,https://m.media-amazon.com/images/I/518rVpVtjQL.__AC_SY445_SX342_QL70_ML2_.jpg,ethnic+wear+for+women
Prija Collection Ready to Wear Indian Pakistani Ethnic Wear Designer Girl Punjabi Salwar Kameez Patiala Suit For Women,https://www.amazon.com/Collection-Pakistani-Designer-Punjabi-Patiala/dp/B09WKB1RVP/ref=sr_1_50?dib=eyJ2IjoiMSJ9.zAtKdUpnwewP_tnSDjmYHozycyglwM08_jRd_neICPc-kwcR1H7Y5ug0CwHL1bdbCoReh3QoCcnVUt5BnkRc766MXjS-_b6Qbjcfb2oiwD54AyJN13I54quqjRymSxcP23MHAU-sqQpitswncgq6CeSqdbTKIxgHLJ480b4S9bWrTN3KSu40DWj2bYT2-w73f3x7xROOsGXhCBn63cKOgOKF9MRww4LFg-VqsEHRps-rmGltQHb7gUgq7N13qqJPwi4V_k4roC71jYsx9KOj6LkcXoZIv92qePqJmJK71lM.sEhnr13n0GyM_Y0FSycHYlrdWMMrtw4HMNEwd9rNLA0&dib_tag=se&keywords=ethnic+wear+for+women&qid=1718987046&sr=8-50,https://m.media-amazon.com/images/I/51xuj8yfnwL.__AC_SX342_SY445_QL70_ML2_.jpg,ethnic+wear+for+women
Janasya Indian Women's Green Printed Kurta With Palazzo And Dupatta,https://www.amazon.com/Janasya-Indian-Palazzo-Dupatta-J0012-SKD-L/dp/B08B4TW986/ref=sr_1_52?dib=eyJ2IjoiMSJ9.zAtKdUpnwewP_tnSDjmYHozycyglwM08_jRd_neICPc-kwcR1H7Y5ug0CwHL1bdbCoReh3QoCcnVUt5BnkRc766MXjS-_b6Qbjcfb2oiwD54AyJN13I54quqjRymSxcP23MHAU-sqQpitswncgq6CeSqdbTKIxgHLJ480b4S9bWrTN3KSu40DWj2bYT2-w73f3x7xROOsGXhCBn63cKOgOKF9MRww4LFg-VqsEHRps-rmGltQHb7gUgq7N13qqJPwi4V_k4roC71jYsx9KOj6LkcXoZIv92qePqJmJK71lM.sEhnr13n0GyM_Y0FSycHYlrdWMMrtw4HMNEwd9rNLA0&dib_tag=se&keywords=ethnic+wear+for+women&qid=1718987046&sr=8-52,https://m.media-amazon.com/images/I/81RgKQS4K-L.__AC_SX342_SY445_QL70_ML2_.jpg,ethnic+wear+for+women
Bsubseach Ethnic Print Caftan Dresses for Women Swimwear Cover Ups Boho Dress Plus Size Caftan Zebra Stripes,https://www.amazon.com/Bsubseach-Ethnic-Dresses-Swimwear-Stripes/dp/B0B7CSX9ZS/ref=sr_1_55?dib=eyJ2IjoiMSJ9.zAtKdUpnwewP_tnSDjmYHozycyglwM08_jRd_neICPc-kwcR1H7Y5ug0CwHL1bdbCoReh3QoCcnVUt5BnkRc766MXjS-_b6Qbjcfb2oiwD54AyJN13I54quqjRymSxcP23MHAU-sqQpitswncgq6CeSqdbTKIxgHLJ480b4S9bWrTN3KSu40DWj2bYT2-w73f3x7xROOsGXhCBn63cKOgOKF9MRww4LFg-VqsEHRps-rmGltQHb7gUgq7N13qqJPwi4V_k4roC71jYsx9KOj6LkcXoZIv92qePqJmJK71lM.sEhnr13n0GyM_Y0FSycHYlrdWMMrtw4HMNEwd9rNLA0&dib_tag=se&keywords=ethnic+wear+for+women&qid=1718987046&sr=8-55,https://m.media-amazon.com/images/I/71K02jI4UwL.__AC_SY445_SX342_QL70_ML2_.jpg,ethnic+wear+for+women
Indian Kurti for Womens With Palazzo Dupatta|| Rayon Lace Work Sarara Style Kurta Kurtis Tunic For Women,https://www.amazon.com/Indian-Womens-Palazzo-Dupatta-Sarara/dp/B09CMDX8HQ/ref=sr_1_56?dib=eyJ2IjoiMSJ9.zAtKdUpnwewP_tnSDjmYHozycyglwM08_jRd_neICPc-kwcR1H7Y5ug0CwHL1bdbCoReh3QoCcnVUt5BnkRc766MXjS-_b6Qbjcfb2oiwD54AyJN13I54quqjRymSxcP23MHAU-sqQpitswncgq6CeSqdbTKIxgHLJ480b4S9bWrTN3KSu40DWj2bYT2-w73f3x7xROOsGXhCBn63cKOgOKF9MRww4LFg-VqsEHRps-rmGltQHb7gUgq7N13qqJPwi4V_k4roC71jYsx9KOj6LkcXoZIv92qePqJmJK71lM.sEhnr13n0GyM_Y0FSycHYlrdWMMrtw4HMNEwd9rNLA0&dib_tag=se&keywords=ethnic+wear+for+women&qid=1718987046&sr=8-56,https://m.media-amazon.com/images/I/61ckwjBgIaL.__AC_SX342_SY445_QL70_ML2_.jpg,ethnic+wear+for+women
Janasya Indian Women's Pink Georgette Digital Floral Printed Kurta with Palazzo and Dupatta,https://www.amazon.com/Janasya-Georgette-Digital-Printed-Palazzo/dp/B0CGD313Z1/ref=sr_1_62?dib=eyJ2IjoiMSJ9.zAtKdUpnwewP_tnSDjmYHozycyglwM08_jRd_neICPc-kwcR1H7Y5ug0CwHL1bdbCoReh3QoCcnVUt5BnkRc766MXjS-_b6Qbjcfb2oiwD54AyJN13I54quqjRymSxcP23MHAU-sqQpitswncgq6CeSqdbTKIxgHLJ480b4S9bWrTN3KSu40DWj2bYT2-w73f3x7xROOsGXhCBn63cKOgOKF9MRww4LFg-VqsEHRps-rmGltQHb7gUgq7N13qqJPwi4V_k4roC71jYsx9KOj6LkcXoZIv92qePqJmJK71lM.sEhnr13n0GyM_Y0FSycHYlrdWMMrtw4HMNEwd9rNLA0&dib_tag=se&keywords=ethnic+wear+for+women&qid=1718987046&sr=8-62,https://m.media-amazon.com/images/I/81OM4ORemnL.__AC_SX342_SY445_QL70_ML2_.jpg,ethnic+wear+for+women
Janasya Indian Women's Sage Green Georgette Digital Ethnic Printed Lehenga Choli,https://www.amazon.com/Janasya-Georgette-Digital-Printed-SET730-LC-ICH-M/dp/B0C8JC6XLB/ref=sr_1_63?dib=eyJ2IjoiMSJ9.zAtKdUpnwewP_tnSDjmYHozycyglwM08_jRd_neICPc-kwcR1H7Y5ug0CwHL1bdbCoReh3QoCcnVUt5BnkRc766MXjS-_b6Qbjcfb2oiwD54AyJN13I54quqjRymSxcP23MHAU-sqQpitswncgq6CeSqdbTKIxgHLJ480b4S9bWrTN3KSu40DWj2bYT2-w73f3x7xROOsGXhCBn63cKOgOKF9MRww4LFg-VqsEHRps-rmGltQHb7gUgq7N13qqJPwi4V_k4roC71jYsx9KOj6LkcXoZIv92qePqJmJK71lM.sEhnr13n0GyM_Y0FSycHYlrdWMMrtw4HMNEwd9rNLA0&dib_tag=se&keywords=ethnic+wear+for+women&qid=1718987046&sr=8-63,https://m.media-amazon.com/images/I/81Qlwv2S1BL.__AC_SX342_SY445_QL70_ML2_.jpg,ethnic+wear+for+women
HOTOUCH Women's Summer Dresses Casual Loose Sleeveless Tshirt Sundress Ruffle Hem Tank Dress Beach Dress with Pockets,https://www.amazon.com/HOTOUCH-Dresses-Printed-Sundress-Sleeves/dp/B0CQX22J6W/ref=sr_1_64?dib=eyJ2IjoiMSJ9.zAtKdUpnwewP_tnSDjmYHozycyglwM08_jRd_neICPc-kwcR1H7Y5ug0CwHL1bdbCoReh3QoCcnVUt5BnkRc766MXjS-_b6Qbjcfb2oiwD54AyJN13I54quqjRymSxcP23MHAU-sqQpitswncgq6CeSqdbTKIxgHLJ480b4S9bWrTN3KSu40DWj2bYT2-w73f3x7xROOsGXhCBn63cKOgOKF9MRww4LFg-VqsEHRps-rmGltQHb7gUgq7N13qqJPwi4V_k4roC71jYsx9KOj6LkcXoZIv92qePqJmJK71lM.sEhnr13n0GyM_Y0FSycHYlrdWMMrtw4HMNEwd9rNLA0&dib_tag=se&keywords=ethnic+wear+for+women&qid=1718987046&sr=8-64,https://m.media-amazon.com/images/I/81rlx+ZqhBL._AC_SX342_SY445_.jpg,ethnic+wear+for+women
Arolina Women's Stretchy Wide Leg Palazzo Lounge Pants Casual Comfy High Waist Palazzo Pants,https://www.amazon.com/Arolina-Womens-Stretchy-Palazzo-Lounge/dp/B0773N89YY/ref=sr_1_66?dib=eyJ2IjoiMSJ9.zAtKdUpnwewP_tnSDjmYHozycyglwM08_jRd_neICPc-kwcR1H7Y5ug0CwHL1bdbCoReh3QoCcnVUt5BnkRc766MXjS-_b6Qbjcfb2oiwD54AyJN13I54quqjRymSxcP23MHAU-sqQpitswncgq6CeSqdbTKIxgHLJ480b4S9bWrTN3KSu40DWj2bYT2-w73f3x7xROOsGXhCBn63cKOgOKF9MRww4LFg-VqsEHRps-rmGltQHb7gUgq7N13qqJPwi4V_k4roC71jYsx9KOj6LkcXoZIv92qePqJmJK71lM.sEhnr13n0GyM_Y0FSycHYlrdWMMrtw4HMNEwd9rNLA0&dib_tag=se&keywords=ethnic+wear+for+women&qid=1718987046&sr=8-66,https://m.media-amazon.com/images/I/61cdb-+v53L._AC_SY445_SX342_.jpg,ethnic+wear+for+women
"MF MITTAL FASHION Women's Casual Wear Chikan Embroidery Short Tops Tunics with 3/4 Sleeves (Medium, White)",https://www.amazon.com/MF-MITTAL-FASHION-Sleeve-Shirts/dp/B0CQG3XQD1/ref=sr_1_70?dib=eyJ2IjoiMSJ9.zAtKdUpnwewP_tnSDjmYHozycyglwM08_jRd_neICPc-kwcR1H7Y5ug0CwHL1bdbCoReh3QoCcnVUt5BnkRc766MXjS-_b6Qbjcfb2oiwD54AyJN13I54quqjRymSxcP23MHAU-sqQpitswncgq6CeSqdbTKIxgHLJ480b4S9bWrTN3KSu40DWj2bYT2-w73f3x7xROOsGXhCBn63cKOgOKF9MRww4LFg-VqsEHRps-rmGltQHb7gUgq7N13qqJPwi4V_k4roC71jYsx9KOj6LkcXoZIv92qePqJmJK71lM.sEhnr13n0GyM_Y0FSycHYlrdWMMrtw4HMNEwd9rNLA0&dib_tag=se&keywords=ethnic+wear+for+women&qid=1718987046&sr=8-70,https://m.media-amazon.com/images/I/91Ct6Ars0rL.__AC_SX342_SY445_QL70_ML2_.jpg,ethnic+wear+for+women
Afibi Womens Print Shirt African Dashiki 3/4 Sleeve Boho Loose Tunic Tops,https://www.amazon.com/Afibi-Womens-African-Dashiki-Sleeve/dp/B082NPP78X/ref=sr_1_75?dib=eyJ2IjoiMSJ9.zAtKdUpnwewP_tnSDjmYHozycyglwM08_jRd_neICPc-kwcR1H7Y5ug0CwHL1bdbCoReh3QoCcnVUt5BnkRc766MXjS-_b6Qbjcfb2oiwD54AyJN13I54quqjRymSxcP23MHAU-sqQpitswncgq6CeSqdbTKIxgHLJ480b4S9bWrTN3KSu40DWj2bYT2-w73f3x7xROOsGXhCBn63cKOgOKF9MRww4LFg-VqsEHRps-rmGltQHb7gUgq7N13qqJPwi4V_k4roC71jYsx9KOj6LkcXoZIv92qePqJmJK71lM.sEhnr13n0GyM_Y0FSycHYlrdWMMrtw4HMNEwd9rNLA0&dib_tag=se&keywords=ethnic+wear+for+women&qid=1718987046&sr=8-75,https://m.media-amazon.com/images/I/819o-m-9LsL.__AC_SX342_SY445_QL70_ML2_.jpg,ethnic+wear+for+women
PRETTYGARDEN Womens Summer Wrap Maxi Dress Casual Boho Floral V Neck Short Sleeve Ruffle Hem Split Beach Long Dresses,https://www.amazon.com/PRETTYGARDEN-Womens-Summer-Dresses-Z_Black/dp/B0C1C65WVF/ref=sr_1_79?dib=eyJ2IjoiMSJ9.zAtKdUpnwewP_tnSDjmYHozycyglwM08_jRd_neICPc-kwcR1H7Y5ug0CwHL1bdbCoReh3QoCcnVUt5BnkRc766MXjS-_b6Qbjcfb2oiwD54AyJN13I54quqjRymSxcP23MHAU-sqQpitswncgq6CeSqdbTKIxgHLJ480b4S9bWrTN3KSu40DWj2bYT2-w73f3x7xROOsGXhCBn63cKOgOKF9MRww4LFg-VqsEHRps-rmGltQHb7gUgq7N13qqJPwi4V_k4roC71jYsx9KOj6LkcXoZIv92qePqJmJK71lM.sEhnr13n0GyM_Y0FSycHYlrdWMMrtw4HMNEwd9rNLA0&dib_tag=se&keywords=ethnic+wear+for+women&qid=1718987046&sr=8-79,https://m.media-amazon.com/images/I/61wuF5xzT8L.__AC_SX342_SY445_QL70_ML2_.jpg,ethnic+wear+for+women
Ekouaer 2 Pack Nightgown for Womens Nightshirt Sleepwear Sleep Tank Chemise Racerback Sleeveless Dress,https://www.amazon.com/Ekouaer-Sleeveless-Chemise-Nightgown-Sleepwear/dp/B0CB5R8KPQ/ref=sr_1_83?dib=eyJ2IjoiMSJ9.zAtKdUpnwewP_tnSDjmYHozycyglwM08_jRd_neICPc-kwcR1H7Y5ug0CwHL1bdbCoReh3QoCcnVUt5BnkRc766MXjS-_b6Qbjcfb2oiwD54AyJN13I54quqjRymSxcP23MHAU-sqQpitswncgq6CeSqdbTKIxgHLJ480b4S9bWrTN3KSu40DWj2bYT2-w73f3x7xROOsGXhCBn63cKOgOKF9MRww4LFg-VqsEHRps-rmGltQHb7gUgq7N13qqJPwi4V_k4roC71jYsx9KOj6LkcXoZIv92qePqJmJK71lM.sEhnr13n0GyM_Y0FSycHYlrdWMMrtw4HMNEwd9rNLA0&dib_tag=se&keywords=ethnic+wear+for+women&qid=1718987046&sr=8-83,https://m.media-amazon.com/images/I/81LVPzzHnRL.__AC_SY445_SX342_QL70_ML2_.jpg,ethnic+wear+for+women
SimpleFun Women's Boho Tops Floral V Neck Short Sleeve Summer Blouse Shirts,https://www.amazon.com/Chiffon-Blouses-Sleeve-Peasant-Ethnic/dp/B09PY9CBDB/ref=sr_1_87?dib=eyJ2IjoiMSJ9.zAtKdUpnwewP_tnSDjmYHozycyglwM08_jRd_neICPc-kwcR1H7Y5ug0CwHL1bdbCoReh3QoCcnVUt5BnkRc766MXjS-_b6Qbjcfb2oiwD54AyJN13I54quqjRymSxcP23MHAU-sqQpitswncgq6CeSqdbTKIxgHLJ480b4S9bWrTN3KSu40DWj2bYT2-w73f3x7xROOsGXhCBn63cKOgOKF9MRww4LFg-VqsEHRps-rmGltQHb7gUgq7N13qqJPwi4V_k4roC71jYsx9KOj6LkcXoZIv92qePqJmJK71lM.sEhnr13n0GyM_Y0FSycHYlrdWMMrtw4HMNEwd9rNLA0&dib_tag=se&keywords=ethnic+wear+for+women&qid=1718987046&sr=8-87,https://m.media-amazon.com/images/I/81CbUnbJm-L.__AC_SY445_SX342_QL70_ML2_.jpg,ethnic+wear+for+women
Kaftan Dresses for Women Wave Neck Swimsuit Cover Up Caftan Dress Plus Size Oversized Long Beach Dress,https://www.amazon.com/swimsuit-Turkish-Wrinkle-kaftans-C-Flower/dp/B09GVTNF1F/ref=sr_1_94?dib=eyJ2IjoiMSJ9.zAtKdUpnwewP_tnSDjmYHozycyglwM08_jRd_neICPc-kwcR1H7Y5ug0CwHL1bdbCoReh3QoCcnVUt5BnkRc766MXjS-_b6Qbjcfb2oiwD54AyJN13I54quqjRymSxcP23MHAU-sqQpitswncgq6CeSqdbTKIxgHLJ480b4S9bWrTN3KSu40DWj2bYT2-w73f3x7xROOsGXhCBn63cKOgOKF9MRww4LFg-VqsEHRps-rmGltQHb7gUgq7N13qqJPwi4V_k4roC71jYsx9KOj6LkcXoZIv92qePqJmJK71lM.sEhnr13n0GyM_Y0FSycHYlrdWMMrtw4HMNEwd9rNLA0&dib_tag=se&keywords=ethnic+wear+for+women&qid=1718987046&sr=8-94,https://m.media-amazon.com/images/I/71xrnvBQ2YL.__AC_SX342_SY445_QL70_ML2_.jpg,ethnic+wear+for+women
Rajasthani Jaipuri Art Sling Bag Foldover Clutch Purse Quality Checked,https://www.amazon.com/Rajasthani-Jaipuri-Foldover-Quality-Checked/dp/B01M6YPX7O/ref=sr_1_98?dib=eyJ2IjoiMSJ9.zUCWKIzro4oZLigMk-EzGuUQK1xLxhvur4f6uaVaUYuoeZp7Go3ZiBDHig4-9vI2XqzYsK3nSrSID2djJCEZc9DWmDqSnwE4J7kWOUrXEkn8uDddnWOZ3C15K6XFA9nvbBtFM_FFfV3SwuQQfCrmQnqP17fnnBq6_tM66lQJ3vvK5G5B9HQzlakOOMTbDto-LnkqwJnrtr80AgYh-5WkuJnVh_Zf5tuNXDycdSUDW4PVKj5uXSop_MuTmiMtD5-NiNZGcQWohs5WzKM7A2Ul0-vQPJzHTbK9-KFIOl9Y0dc.WvwTBBF7wqkSDLrJyPdCY76QuWM6GC3Cg0MtbEKBmVk&dib_tag=se&keywords=ethnic+wear+for+women&qid=1718987048&sr=8-98,https://m.media-amazon.com/images/I/81uTcQVZxbL.__AC_SX395_SY395_QL70_ML2_.jpg,ethnic+wear+for+women
Afibi Womens Print Shirt African Dashiki 3/4 Sleeve Boho Loose Tunic Tops,https://www.amazon.com/Afibi-Womens-African-Dashiki-Sleeve/dp/B082NPP78X/ref=sr_1_100?dib=eyJ2IjoiMSJ9.zUCWKIzro4oZLigMk-EzGuUQK1xLxhvur4f6uaVaUYuoeZp7Go3ZiBDHig4-9vI2XqzYsK3nSrSID2djJCEZc9DWmDqSnwE4J7kWOUrXEkn8uDddnWOZ3C15K6XFA9nvbBtFM_FFfV3SwuQQfCrmQnqP17fnnBq6_tM66lQJ3vvK5G5B9HQzlakOOMTbDto-LnkqwJnrtr80AgYh-5WkuJnVh_Zf5tuNXDycdSUDW4PVKj5uXSop_MuTmiMtD5-NiNZGcQWohs5WzKM7A2Ul0-vQPJzHTbK9-KFIOl9Y0dc.WvwTBBF7wqkSDLrJyPdCY76QuWM6GC3Cg0MtbEKBmVk&dib_tag=se&keywords=ethnic+wear+for+women&qid=1718987048&sr=8-100,https://m.media-amazon.com/images/I/819o-m-9LsL.__AC_SX342_SY445_QL70_ML2_.jpg,ethnic+wear+for+women
"Printed Cotton Kurti with Adjustable Shoulder Strap, Casual Sleeveless Summer Wear, Ethnic Indian Kurti for Girls",https://www.amazon.com/Bani-Women-Adjustable-Shoulder-Sleeveless/dp/B0BX9RYNJ4/ref=sr_1_111?dib=eyJ2IjoiMSJ9.zUCWKIzro4oZLigMk-EzGuUQK1xLxhvur4f6uaVaUYuoeZp7Go3ZiBDHig4-9vI2XqzYsK3nSrSID2djJCEZc9DWmDqSnwE4J7kWOUrXEkn8uDddnWOZ3C15K6XFA9nvbBtFM_FFfV3SwuQQfCrmQnqP17fnnBq6_tM66lQJ3vvK5G5B9HQzlakOOMTbDto-LnkqwJnrtr80AgYh-5WkuJnVh_Zf5tuNXDycdSUDW4PVKj5uXSop_MuTmiMtD5-NiNZGcQWohs5WzKM7A2Ul0-vQPJzHTbK9-KFIOl9Y0dc.WvwTBBF7wqkSDLrJyPdCY76QuWM6GC3Cg0MtbEKBmVk&dib_tag=se&keywords=ethnic+wear+for+women&qid=1718987048&sr=8-111,https://m.media-amazon.com/images/I/61xl90E5axL.__AC_SX342_SY445_QL70_ML2_.jpg,ethnic+wear+for+women
RanRui Women Geometric Print Kaftan Dresses Caftans Loungewear with Waist Drawstring,https://www.amazon.com/Swimsuit-Turkish-Caftans-zebraprint-Batwing/dp/B0BJ2ZJYP2/ref=sr_1_115?dib=eyJ2IjoiMSJ9.zUCWKIzro4oZLigMk-EzGuUQK1xLxhvur4f6uaVaUYuoeZp7Go3ZiBDHig4-9vI2XqzYsK3nSrSID2djJCEZc9DWmDqSnwE4J7kWOUrXEkn8uDddnWOZ3C15K6XFA9nvbBtFM_FFfV3SwuQQfCrmQnqP17fnnBq6_tM66lQJ3vvK5G5B9HQzlakOOMTbDto-LnkqwJnrtr80AgYh-5WkuJnVh_Zf5tuNXDycdSUDW4PVKj5uXSop_MuTmiMtD5-NiNZGcQWohs5WzKM7A2Ul0-vQPJzHTbK9-KFIOl9Y0dc.WvwTBBF7wqkSDLrJyPdCY76QuWM6GC3Cg0MtbEKBmVk&dib_tag=se&keywords=ethnic+wear+for+women&qid=1718987048&sr=8-115,https://m.media-amazon.com/images/I/71QkQrEEMZL.__AC_SX342_SY445_QL70_ML2_.jpg,ethnic+wear+for+women
"Goood Times Caftan Dress Long Maxi Paisley Print Gown Beach Cover Up,Black,One Size",https://www.amazon.com/Goood-Times-Caftan-Dress-Paisley/dp/B01LYRTJQX/ref=sr_1_128?dib=eyJ2IjoiMSJ9.zUCWKIzro4oZLigMk-EzGuUQK1xLxhvur4f6uaVaUYuoeZp7Go3ZiBDHig4-9vI2XqzYsK3nSrSID2djJCEZc9DWmDqSnwE4J7kWOUrXEkn8uDddnWOZ3C15K6XFA9nvbBtFM_FFfV3SwuQQfCrmQnqP17fnnBq6_tM66lQJ3vvK5G5B9HQzlakOOMTbDto-LnkqwJnrtr80AgYh-5WkuJnVh_Zf5tuNXDycdSUDW4PVKj5uXSop_MuTmiMtD5-NiNZGcQWohs5WzKM7A2Ul0-vQPJzHTbK9-KFIOl9Y0dc.WvwTBBF7wqkSDLrJyPdCY76QuWM6GC3Cg0MtbEKBmVk&dib_tag=se&keywords=ethnic+wear+for+women&qid=1718987048&sr=8-128,https://m.media-amazon.com/images/I/916xbNjj9rL.__AC_SX342_SY445_QL70_ML2_.jpg,ethnic+wear+for+women
COWOKA Women's Aztec Print Pattern Western Ethnic Half Zip Long Sleeve Pullover Hoodie Sweatshirt,https://www.amazon.com/COWOKA-Pattern-Western-Pullover-Sweatshirt/dp/B09NC1FJKX/ref=sr_1_143?dib=eyJ2IjoiMSJ9.zUCWKIzro4oZLigMk-EzGuUQK1xLxhvur4f6uaVaUYuoeZp7Go3ZiBDHig4-9vI2XqzYsK3nSrSID2djJCEZc9DWmDqSnwE4J7kWOUrXEkn8uDddnWOZ3C15K6XFA9nvbBtFM_FFfV3SwuQQfCrmQnqP17fnnBq6_tM66lQJ3vvK5G5B9HQzlakOOMTbDto-LnkqwJnrtr80AgYh-5WkuJnVh_Zf5tuNXDycdSUDW4PVKj5uXSop_MuTmiMtD5-NiNZGcQWohs5WzKM7A2Ul0-vQPJzHTbK9-KFIOl9Y0dc.WvwTBBF7wqkSDLrJyPdCY76QuWM6GC3Cg0MtbEKBmVk&dib_tag=se&keywords=ethnic+wear+for+women&qid=1718987048&sr=8-143,https://m.media-amazon.com/images/I/71SJOSntEsL.__AC_SY445_SX342_QL70_ML2_.jpg,ethnic+wear+for+women
Runwind Plus Size Dress for Women - 3/4 Sleeve V Neck Printing Maxi Dresses for Women （XL-6XL）,https://www.amazon.com/Runwind-Sleeve-Evening-Dresses-Orange/dp/B09YHCGJGQ/ref=sr_1_147?dib=eyJ2IjoiMSJ9.YfcY8RHP4zjyOS05s_KdRQW4VYorcCF8GXITQ6rxs8BI-YWB5z6y650EJAq_eejyZFSQuGqMtCYS0TmsWYAQQNHShGDdPwpFWyiwLz5wbznBGVALpNAGbj5BlRLi5bcVdq-gWfRYCIKgi0bChnvfeKTxVDyjaNIgKZ6cwxgWBv3iG3ImRFeRVGMQsmw7u1JePhrbKM0Gn3aeqlBOmnrVGGZ-4kND8KkS8dvv2rxf3_JWGlEcYVWjTYkd_OsGEEwNZ8ETO5wB-LfpN9nYRfAeNcmY7p5ZoUfNRoGDCYQSkxo.Y20ubsSznuxHaShQfroKQaxCCnFjDbi8do2WtKOZ_Zc&dib_tag=se&keywords=ethnic+wear+for+women&qid=1718987052&sr=8-147,https://m.media-amazon.com/images/I/51PRfYHLx9L.__AC_SY445_SX342_QL70_ML2_.jpg,ethnic+wear+for+women
ANRABESS Women Summer 2 Piece Outfits Sleeveless Tank Crop Top Wide Leg Pants Linen Jumpsuits Lounge Matching Beach Sets,https://www.amazon.com/ANRABESS-Sleeveless-Tracksuits-Jumpsuits-817caolv-S/dp/B0BNT7Z5QJ/ref=sr_1_155?dib=eyJ2IjoiMSJ9.YfcY8RHP4zjyOS05s_KdRQW4VYorcCF8GXITQ6rxs8BI-YWB5z6y650EJAq_eejyZFSQuGqMtCYS0TmsWYAQQNHShGDdPwpFWyiwLz5wbznBGVALpNAGbj5BlRLi5bcVdq-gWfRYCIKgi0bChnvfeKTxVDyjaNIgKZ6cwxgWBv3iG3ImRFeRVGMQsmw7u1JePhrbKM0Gn3aeqlBOmnrVGGZ-4kND8KkS8dvv2rxf3_JWGlEcYVWjTYkd_OsGEEwNZ8ETO5wB-LfpN9nYRfAeNcmY7p5ZoUfNRoGDCYQSkxo.Y20ubsSznuxHaShQfroKQaxCCnFjDbi8do2WtKOZ_Zc&dib_tag=se&keywords=ethnic+wear+for+women&qid=1718987052&sr=8-155,https://m.media-amazon.com/images/I/61Z94eU7tNL.__AC_SX342_SY445_QL70_ML2_.jpg,ethnic+wear+for+women
NaRHbrg Womens Summer Dress Casual Floral Print Midi Dress Button V Neck Short Sleeve Dresses Flowy Boho Beach Party Sundress,https://www.amazon.com/NaRHbrg-Dresses-Sundress-2023-Bohemian/dp/B0C88V8DRK/ref=sr_1_157?dib=eyJ2IjoiMSJ9.YfcY8RHP4zjyOS05s_KdRQW4VYorcCF8GXITQ6rxs8BI-YWB5z6y650EJAq_eejyZFSQuGqMtCYS0TmsWYAQQNHShGDdPwpFWyiwLz5wbznBGVALpNAGbj5BlRLi5bcVdq-gWfRYCIKgi0bChnvfeKTxVDyjaNIgKZ6cwxgWBv3iG3ImRFeRVGMQsmw7u1JePhrbKM0Gn3aeqlBOmnrVGGZ-4kND8KkS8dvv2rxf3_JWGlEcYVWjTYkd_OsGEEwNZ8ETO5wB-LfpN9nYRfAeNcmY7p5ZoUfNRoGDCYQSkxo.Y20ubsSznuxHaShQfroKQaxCCnFjDbi8do2WtKOZ_Zc&dib_tag=se&keywords=ethnic+wear+for+women&qid=1718987052&sr=8-157,https://m.media-amazon.com/images/I/61BVhnyp9qL.__AC_SY445_SX342_QL70_ML2_.jpg,ethnic+wear+for+women
Fabric Venue Women's Ethnic Hand Block Print Cotton Printed Kaftan Summer Dress Beach Wear Dress Floral Hand Print Kaftan Dress,https://www.amazon.com/fabricvenue-Womens-Ethnic-Printed-Multicolor/dp/B095C2K1TF/ref=sr_1_159?dib=eyJ2IjoiMSJ9.YfcY8RHP4zjyOS05s_KdRQW4VYorcCF8GXITQ6rxs8BI-YWB5z6y650EJAq_eejyZFSQuGqMtCYS0TmsWYAQQNHShGDdPwpFWyiwLz5wbznBGVALpNAGbj5BlRLi5bcVdq-gWfRYCIKgi0bChnvfeKTxVDyjaNIgKZ6cwxgWBv3iG3ImRFeRVGMQsmw7u1JePhrbKM0Gn3aeqlBOmnrVGGZ-4kND8KkS8dvv2rxf3_JWGlEcYVWjTYkd_OsGEEwNZ8ETO5wB-LfpN9nYRfAeNcmY7p5ZoUfNRoGDCYQSkxo.Y20ubsSznuxHaShQfroKQaxCCnFjDbi8do2WtKOZ_Zc&dib_tag=se&keywords=ethnic+wear+for+women&qid=1718987052&sr=8-159,https://m.media-amazon.com/images/I/91VaqyvMeRL.__AC_SY445_SX342_QL70_ML2_.jpg,ethnic+wear+for+women
Aheli Elegant Indian Wedding Wear Faux Kundan Studded Choker Necklace with Maang Tikka Set Ethnic Fashion Jewelry for Women Maroon Kundan & Pearl Drop,https://www.amazon.com/Aheli-Traditional-Bollywood-Necklace-Earrings/dp/B07YBBN8MD/ref=sr_1_162?dib=eyJ2IjoiMSJ9.YfcY8RHP4zjyOS05s_KdRQW4VYorcCF8GXITQ6rxs8BI-YWB5z6y650EJAq_eejyZFSQuGqMtCYS0TmsWYAQQNHShGDdPwpFWyiwLz5wbznBGVALpNAGbj5BlRLi5bcVdq-gWfRYCIKgi0bChnvfeKTxVDyjaNIgKZ6cwxgWBv3iG3ImRFeRVGMQsmw7u1JePhrbKM0Gn3aeqlBOmnrVGGZ-4kND8KkS8dvv2rxf3_JWGlEcYVWjTYkd_OsGEEwNZ8ETO5wB-LfpN9nYRfAeNcmY7p5ZoUfNRoGDCYQSkxo.Y20ubsSznuxHaShQfroKQaxCCnFjDbi8do2WtKOZ_Zc&dib_tag=se&keywords=ethnic+wear+for+women&qid=1718987052&sr=8-162,https://m.media-amazon.com/images/I/712qZilEboL.__AC_SX300_SY300_QL70_ML2_.jpg,ethnic+wear+for+women
Printed Kurti Indian Ethnic Wear for Women Party Wear Top 3/4 Sleeve Rayon Indian Kurti for Women,https://www.amazon.com/Bani-Women-Printed-Indian-Ethnic/dp/B0B9YGJ8TX/ref=sr_1_168?dib=eyJ2IjoiMSJ9.YfcY8RHP4zjyOS05s_KdRQW4VYorcCF8GXITQ6rxs8BI-YWB5z6y650EJAq_eejyZFSQuGqMtCYS0TmsWYAQQNHShGDdPwpFWyiwLz5wbznBGVALpNAGbj5BlRLi5bcVdq-gWfRYCIKgi0bChnvfeKTxVDyjaNIgKZ6cwxgWBv3iG3ImRFeRVGMQsmw7u1JePhrbKM0Gn3aeqlBOmnrVGGZ-4kND8KkS8dvv2rxf3_JWGlEcYVWjTYkd_OsGEEwNZ8ETO5wB-LfpN9nYRfAeNcmY7p5ZoUfNRoGDCYQSkxo.Y20ubsSznuxHaShQfroKQaxCCnFjDbi8do2WtKOZ_Zc&dib_tag=se&keywords=ethnic+wear+for+women&qid=1718987052&sr=8-168,https://m.media-amazon.com/images/I/81LDsxrGx1L.__AC_SY445_SX342_QL70_ML2_.jpg,ethnic+wear+for+women
"Sleeveless Kurta with Adjustable Shoulder Strap, Printed Ethnic Indian Ready to Wear Kurti for Girls",https://www.amazon.com/Bani-Women-Sleeveless-Adjustable-Turquoise/dp/B0BX9T5K36/ref=sr_1_176?dib=eyJ2IjoiMSJ9.YfcY8RHP4zjyOS05s_KdRQW4VYorcCF8GXITQ6rxs8BI-YWB5z6y650EJAq_eejyZFSQuGqMtCYS0TmsWYAQQNHShGDdPwpFWyiwLz5wbznBGVALpNAGbj5BlRLi5bcVdq-gWfRYCIKgi0bChnvfeKTxVDyjaNIgKZ6cwxgWBv3iG3ImRFeRVGMQsmw7u1JePhrbKM0Gn3aeqlBOmnrVGGZ-4kND8KkS8dvv2rxf3_JWGlEcYVWjTYkd_OsGEEwNZ8ETO5wB-LfpN9nYRfAeNcmY7p5ZoUfNRoGDCYQSkxo.Y20ubsSznuxHaShQfroKQaxCCnFjDbi8do2WtKOZ_Zc&dib_tag=se&keywords=ethnic+wear+for+women&qid=1718987052&sr=8-176,https://m.media-amazon.com/images/I/61-XnGHOMVL.__AC_SX342_SY445_QL70_ML2_.jpg,ethnic+wear+for+women
Fabric Venue Women's Ethnic Hand Block Print Cotton Maxi Caftan Nightwear Dress Beach Wear Summer Dress Kaftan,https://www.amazon.com/Fabric-Womens-Ethnic-Cotton-Nightwear/dp/B08TLVD5LM/ref=sr_1_183?dib=eyJ2IjoiMSJ9.YfcY8RHP4zjyOS05s_KdRQW4VYorcCF8GXITQ6rxs8BI-YWB5z6y650EJAq_eejyZFSQuGqMtCYS0TmsWYAQQNHShGDdPwpFWyiwLz5wbznBGVALpNAGbj5BlRLi5bcVdq-gWfRYCIKgi0bChnvfeKTxVDyjaNIgKZ6cwxgWBv3iG3ImRFeRVGMQsmw7u1JePhrbKM0Gn3aeqlBOmnrVGGZ-4kND8KkS8dvv2rxf3_JWGlEcYVWjTYkd_OsGEEwNZ8ETO5wB-LfpN9nYRfAeNcmY7p5ZoUfNRoGDCYQSkxo.Y20ubsSznuxHaShQfroKQaxCCnFjDbi8do2WtKOZ_Zc&dib_tag=se&keywords=ethnic+wear+for+women&qid=1718987052&sr=8-183,https://m.media-amazon.com/images/I/71E25G-WpHL.__AC_SY445_SX342_QL70_ML2_.jpg,ethnic+wear+for+women
Chunoy Women Turkish Kaftan Lightweight Long Cover Up Caftan Beach Wear Maxi Dress,https://www.amazon.com/Chunoy-Batwing-Shoulder-Turkish-Beachwear/dp/B09BB5CKMB/ref=sr_1_187?dib=eyJ2IjoiMSJ9.YfcY8RHP4zjyOS05s_KdRQW4VYorcCF8GXITQ6rxs8BI-YWB5z6y650EJAq_eejyZFSQuGqMtCYS0TmsWYAQQNHShGDdPwpFWyiwLz5wbznBGVALpNAGbj5BlRLi5bcVdq-gWfRYCIKgi0bChnvfeKTxVDyjaNIgKZ6cwxgWBv3iG3ImRFeRVGMQsmw7u1JePhrbKM0Gn3aeqlBOmnrVGGZ-4kND8KkS8dvv2rxf3_JWGlEcYVWjTYkd_OsGEEwNZ8ETO5wB-LfpN9nYRfAeNcmY7p5ZoUfNRoGDCYQSkxo.Y20ubsSznuxHaShQfroKQaxCCnFjDbi8do2WtKOZ_Zc&dib_tag=se&keywords=ethnic+wear+for+women&qid=1718987052&sr=8-187,https://m.media-amazon.com/images/I/5142g8KP12L.__AC_SX342_SY445_QL70_ML2_.jpg,ethnic+wear+for+women
"Printed Sleeveless Kurta with Adjustable Shoulder Strap, Ethnic Indian Ready to Wear Kurti for Girls",https://www.amazon.com/Bani-Women-Sleeveless-Adjustable-Shoulder/dp/B0BX9SJ2DC/ref=sr_1_188?dib=eyJ2IjoiMSJ9.YfcY8RHP4zjyOS05s_KdRQW4VYorcCF8GXITQ6rxs8BI-YWB5z6y650EJAq_eejyZFSQuGqMtCYS0TmsWYAQQNHShGDdPwpFWyiwLz5wbznBGVALpNAGbj5BlRLi5bcVdq-gWfRYCIKgi0bChnvfeKTxVDyjaNIgKZ6cwxgWBv3iG3ImRFeRVGMQsmw7u1JePhrbKM0Gn3aeqlBOmnrVGGZ-4kND8KkS8dvv2rxf3_JWGlEcYVWjTYkd_OsGEEwNZ8ETO5wB-LfpN9nYRfAeNcmY7p5ZoUfNRoGDCYQSkxo.Y20ubsSznuxHaShQfroKQaxCCnFjDbi8do2WtKOZ_Zc&dib_tag=se&keywords=ethnic+wear+for+women&qid=1718987052&sr=8-188,https://m.media-amazon.com/images/I/61NdvWa6nQL.__AC_SX342_SY445_QL70_ML2_.jpg,ethnic+wear+for+women
FOR U DESIGNS Vintage Rose Floral Print Women's Fashion Sneaker Comfortable Walking Running Shoes,https://www.amazon.com/DESIGNS-African-Lightweight-Sneakers-Athletic/dp/B081XHSY4R/ref=sr_1_189?dib=eyJ2IjoiMSJ9.YfcY8RHP4zjyOS05s_KdRQW4VYorcCF8GXITQ6rxs8BI-YWB5z6y650EJAq_eejyZFSQuGqMtCYS0TmsWYAQQNHShGDdPwpFWyiwLz5wbznBGVALpNAGbj5BlRLi5bcVdq-gWfRYCIKgi0bChnvfeKTxVDyjaNIgKZ6cwxgWBv3iG3ImRFeRVGMQsmw7u1JePhrbKM0Gn3aeqlBOmnrVGGZ-4kND8KkS8dvv2rxf3_JWGlEcYVWjTYkd_OsGEEwNZ8ETO5wB-LfpN9nYRfAeNcmY7p5ZoUfNRoGDCYQSkxo.Y20ubsSznuxHaShQfroKQaxCCnFjDbi8do2WtKOZ_Zc&dib_tag=se&keywords=ethnic+wear+for+women&qid=1718987052&sr=8-189,https://m.media-amazon.com/images/I/61rk0mpTO2L.__AC_SX395_SY395_QL70_ML2_.jpg,ethnic+wear+for+women
Viracy Women's Summer Casual Sleeveless Swing Tunic Floral Tank Top (S-3XL),https://www.amazon.com/Viracy-Sleeveless-Boutique-Irregular-Geometric/dp/B07QRGLSZH/ref=sr_1_199?dib=eyJ2IjoiMSJ9.HRWSSZINvsJGyvEhWgGwMUCo77cLDHekSZenGtFWg-zuUTZXRE_xnZuRVS6MVTMSi-SxQkY6zksQdggFq5EEDtPveL5uLdCgylYCrUkcWLKxHEwpyCwir7-oL_XM6mQZBadKnMTvOPaBcczXGn8K8MO3_CmKEZN7QclacsVGnx2cBiiUuBH2ZT9jqWG4RD_UDvE-EpV3XqV3-mMdTh2-Vi1KOp1shU6xU9KiNcTR1humhdLPy7FT3Q7uuuNNzPThcRZIF8Lg5wZhlAG55sfH7mpHRIAcBN-gccjbYPxg10Q.kAM_dk6BdfO5tDwFopeYHWvRTd6gjbFL76XHHIgwJFg&dib_tag=se&keywords=ethnic+wear+for+women&qid=1718987055&sr=8-199,https://m.media-amazon.com/images/I/81JQTXjxXCL.__AC_SX342_SY445_QL70_ML2_.jpg,ethnic+wear+for+women
Ashwini Girls Embroidery Salwar Suit,https://www.amazon.com/Ashwini-Girls-Embroidery-Salwar-Yellow/dp/B07DL7BYH5/ref=sr_1_201?dib=eyJ2IjoiMSJ9.HRWSSZINvsJGyvEhWgGwMUCo77cLDHekSZenGtFWg-zuUTZXRE_xnZuRVS6MVTMSi-SxQkY6zksQdggFq5EEDtPveL5uLdCgylYCrUkcWLKxHEwpyCwir7-oL_XM6mQZBadKnMTvOPaBcczXGn8K8MO3_CmKEZN7QclacsVGnx2cBiiUuBH2ZT9jqWG4RD_UDvE-EpV3XqV3-mMdTh2-Vi1KOp1shU6xU9KiNcTR1humhdLPy7FT3Q7uuuNNzPThcRZIF8Lg5wZhlAG55sfH7mpHRIAcBN-gccjbYPxg10Q.kAM_dk6BdfO5tDwFopeYHWvRTd6gjbFL76XHHIgwJFg&dib_tag=se&keywords=ethnic+wear+for+women&qid=1718987055&sr=8-201,https://m.media-amazon.com/images/I/6151YV4+kgL._AC_SX342_SY445_.jpg,ethnic+wear+for+women
Ethnic Style Bag Lady's Everyday Crossbody Shoulder Bags Women Tourist Handbag,https://www.amazon.com/miaomiaojia-Everyday-Crossbody-Shoulder-Tourist/dp/B0991MF8Q3/ref=sr_1_211?dib=eyJ2IjoiMSJ9.HRWSSZINvsJGyvEhWgGwMUCo77cLDHekSZenGtFWg-zuUTZXRE_xnZuRVS6MVTMSi-SxQkY6zksQdggFq5EEDtPveL5uLdCgylYCrUkcWLKxHEwpyCwir7-oL_XM6mQZBadKnMTvOPaBcczXGn8K8MO3_CmKEZN7QclacsVGnx2cBiiUuBH2ZT9jqWG4RD_UDvE-EpV3XqV3-mMdTh2-Vi1KOp1shU6xU9KiNcTR1humhdLPy7FT3Q7uuuNNzPThcRZIF8Lg5wZhlAG55sfH7mpHRIAcBN-gccjbYPxg10Q.kAM_dk6BdfO5tDwFopeYHWvRTd6gjbFL76XHHIgwJFg&dib_tag=se&keywords=ethnic+wear+for+women&qid=1718987055&sr=8-211,https://m.media-amazon.com/images/I/61mg0ZE6+2S._AC_SY395_SX395_.jpg,ethnic+wear+for+women
Qearal Womens Blouses and Tops Boho Floral Print Long Sleeve Chiffon Shirts and Tops Loose Fit,https://www.amazon.com/Qearal-Chiffon-Blouses-Geometric-Vintage/dp/B0BCJM3KJV/ref=sr_1_212?dib=eyJ2IjoiMSJ9.HRWSSZINvsJGyvEhWgGwMUCo77cLDHekSZenGtFWg-zuUTZXRE_xnZuRVS6MVTMSi-SxQkY6zksQdggFq5EEDtPveL5uLdCgylYCrUkcWLKxHEwpyCwir7-oL_XM6mQZBadKnMTvOPaBcczXGn8K8MO3_CmKEZN7QclacsVGnx2cBiiUuBH2ZT9jqWG4RD_UDvE-EpV3XqV3-mMdTh2-Vi1KOp1shU6xU9KiNcTR1humhdLPy7FT3Q7uuuNNzPThcRZIF8Lg5wZhlAG55sfH7mpHRIAcBN-gccjbYPxg10Q.kAM_dk6BdfO5tDwFopeYHWvRTd6gjbFL76XHHIgwJFg&dib_tag=se&keywords=ethnic+wear+for+women&qid=1718987055&sr=8-212,https://m.media-amazon.com/images/I/71LlSsbXC4L.__AC_SY445_SX342_QL70_ML2_.jpg,ethnic+wear+for+women
"Canavas Shoulder Handbags for Women,Ladies Ethnic Travel Bohemian Bags Tote with Bling Sequins Phoenix Embroidered",https://www.amazon.com/Shoulder-Handbags-Sequins-Phoenix-Embroidered/dp/B087WT8HRN/ref=sr_1_213?dib=eyJ2IjoiMSJ9.HRWSSZINvsJGyvEhWgGwMUCo77cLDHekSZenGtFWg-zuUTZXRE_xnZuRVS6MVTMSi-SxQkY6zksQdggFq5EEDtPveL5uLdCgylYCrUkcWLKxHEwpyCwir7-oL_XM6mQZBadKnMTvOPaBcczXGn8K8MO3_CmKEZN7QclacsVGnx2cBiiUuBH2ZT9jqWG4RD_UDvE-EpV3XqV3-mMdTh2-Vi1KOp1shU6xU9KiNcTR1humhdLPy7FT3Q7uuuNNzPThcRZIF8Lg5wZhlAG55sfH7mpHRIAcBN-gccjbYPxg10Q.kAM_dk6BdfO5tDwFopeYHWvRTd6gjbFL76XHHIgwJFg&dib_tag=se&keywords=ethnic+wear+for+women&qid=1718987055&sr=8-213,https://m.media-amazon.com/images/I/71ptZLXr-FL.__AC_SX395_SY395_QL70_ML2_.jpg,ethnic+wear+for+women
Bsubseach Plus Size Caftans for Women Turkish Kaftan Dresses Leopard Print Beach Cover Up,https://www.amazon.com/Bsubseach-Leopard-Kaftan-Bathing-Swimwear/dp/B09MRL3SQL/ref=sr_1_215?dib=eyJ2IjoiMSJ9.HRWSSZINvsJGyvEhWgGwMUCo77cLDHekSZenGtFWg-zuUTZXRE_xnZuRVS6MVTMSi-SxQkY6zksQdggFq5EEDtPveL5uLdCgylYCrUkcWLKxHEwpyCwir7-oL_XM6mQZBadKnMTvOPaBcczXGn8K8MO3_CmKEZN7QclacsVGnx2cBiiUuBH2ZT9jqWG4RD_UDvE-EpV3XqV3-mMdTh2-Vi1KOp1shU6xU9KiNcTR1humhdLPy7FT3Q7uuuNNzPThcRZIF8Lg5wZhlAG55sfH7mpHRIAcBN-gccjbYPxg10Q.kAM_dk6BdfO5tDwFopeYHWvRTd6gjbFL76XHHIgwJFg&dib_tag=se&keywords=ethnic+wear+for+women&qid=1718987055&sr=8-215,https://m.media-amazon.com/images/I/71UMyF6aZvL.__AC_SY445_SX342_QL70_ML2_.jpg,ethnic+wear+for+women
"HZMAN Wrap Bracelets Men Women, Hemp Cords Wood Beads Ethnic Tribal Bracelets, Leather Wristbands",https://www.amazon.com/HZMAN-Bracelets-Ethnic-Leather-Wristbands/dp/B09BJLGH32/ref=sr_1_231?dib=eyJ2IjoiMSJ9.HRWSSZINvsJGyvEhWgGwMUCo77cLDHekSZenGtFWg-zuUTZXRE_xnZuRVS6MVTMSi-SxQkY6zksQdggFq5EEDtPveL5uLdCgylYCrUkcWLKxHEwpyCwir7-oL_XM6mQZBadKnMTvOPaBcczXGn8K8MO3_CmKEZN7QclacsVGnx2cBiiUuBH2ZT9jqWG4RD_UDvE-EpV3XqV3-mMdTh2-Vi1KOp1shU6xU9KiNcTR1humhdLPy7FT3Q7uuuNNzPThcRZIF8Lg5wZhlAG55sfH7mpHRIAcBN-gccjbYPxg10Q.kAM_dk6BdfO5tDwFopeYHWvRTd6gjbFL76XHHIgwJFg&dib_tag=se&keywords=ethnic+wear+for+women&qid=1718987055&sr=8-231,https://m.media-amazon.com/images/I/715IH5VW5sL.__AC_SX300_SY300_QL70_ML2_.jpg,ethnic+wear+for+women
Girl's New Traditional Ethnic Wear Cotton Plain Irkal Sleeves Freel Frock,https://www.amazon.com/AMBA-COLLECTION-BOUTIQUE-Traditional-Sleeves/dp/B0CK6T94R2/ref=sr_1_232?dib=eyJ2IjoiMSJ9.HRWSSZINvsJGyvEhWgGwMUCo77cLDHekSZenGtFWg-zuUTZXRE_xnZuRVS6MVTMSi-SxQkY6zksQdggFq5EEDtPveL5uLdCgylYCrUkcWLKxHEwpyCwir7-oL_XM6mQZBadKnMTvOPaBcczXGn8K8MO3_CmKEZN7QclacsVGnx2cBiiUuBH2ZT9jqWG4RD_UDvE-EpV3XqV3-mMdTh2-Vi1KOp1shU6xU9KiNcTR1humhdLPy7FT3Q7uuuNNzPThcRZIF8Lg5wZhlAG55sfH7mpHRIAcBN-gccjbYPxg10Q.kAM_dk6BdfO5tDwFopeYHWvRTd6gjbFL76XHHIgwJFg&dib_tag=se&keywords=ethnic+wear+for+women&qid=1718987055&sr=8-232,https://m.media-amazon.com/images/I/71SoiCLkDHL.__AC_SY445_SX342_QL70_ML2_.jpg,ethnic+wear+for+women
Fabric Venue Kaftan Dresses for Women - Sanganeri Ethnic Prints - Free Size Kaftans for Women - Hand Block Printed Cotton Kaftans Rose Blue,https://www.amazon.com/Fabric-Venue-Womens-Sanganeri-Nightwear/dp/B08NF3SC2S/ref=sr_1_238?dib=eyJ2IjoiMSJ9.HRWSSZINvsJGyvEhWgGwMUCo77cLDHekSZenGtFWg-zuUTZXRE_xnZuRVS6MVTMSi-SxQkY6zksQdggFq5EEDtPveL5uLdCgylYCrUkcWLKxHEwpyCwir7-oL_XM6mQZBadKnMTvOPaBcczXGn8K8MO3_CmKEZN7QclacsVGnx2cBiiUuBH2ZT9jqWG4RD_UDvE-EpV3XqV3-mMdTh2-Vi1KOp1shU6xU9KiNcTR1humhdLPy7FT3Q7uuuNNzPThcRZIF8Lg5wZhlAG55sfH7mpHRIAcBN-gccjbYPxg10Q.kAM_dk6BdfO5tDwFopeYHWvRTd6gjbFL76XHHIgwJFg&dib_tag=se&keywords=ethnic+wear+for+women&qid=1718987055&sr=8-238,https://m.media-amazon.com/images/I/81J21aIXFVL.__AC_SY445_SX342_QL70_ML2_.jpg,ethnic+wear+for+women
Janasya Indian Women's Mustard Foil Printed Poly Silk Ethnic Dress,https://www.amazon.com/Janasya-Indian-Womens-Mustard-J0006-SET-L/dp/B08B3Z71YC/ref=sr_1_243?dib=eyJ2IjoiMSJ9.pXXMXotWGR2d2RpRJOC3IYRMSscNGanTL056OKLhBIBsvg34Olhu6BW80DgV2gItuxm2lu9HFfTpZLIg-sSI7q8FdcOISUGLw3-TkcMVQ7a6TtRnDkQNhpORJ_J1m9Tkl62KLohKL3IcOzl0DSUcNXcitoQTFf7hKyxrcqE2WXxMElUcCNNDV43tA9-mVbavavPw2SppRGUGHYw5l2NgZiGwZxnLwgFYtRXnqgrcVaFHqTRwNANOYvPHoiROYg7ujnMni9F3TneYdASmcWbgWlXrvm3YNUOSIx3sdkRPTNU.meRog541ooxcd0VWoJBgYn8cyPW9wLY2yv-UprqE9wM&dib_tag=se&keywords=ethnic+wear+for+women&qid=1718987056&sr=8-243,https://m.media-amazon.com/images/I/71Svy1PgULL.__AC_SX342_SY445_QL70_ML2_.jpg,ethnic+wear+for+women
MOHIT CREATIONS Traditional Pure Cotton Silk Saree With Unstitched Blouse,https://www.amazon.com/Traditional-Cotton-Saree-Unstitched-Blouse/dp/B08XXBDH69/ref=sr_1_248?dib=eyJ2IjoiMSJ9.pXXMXotWGR2d2RpRJOC3IYRMSscNGanTL056OKLhBIBsvg34Olhu6BW80DgV2gItuxm2lu9HFfTpZLIg-sSI7q8FdcOISUGLw3-TkcMVQ7a6TtRnDkQNhpORJ_J1m9Tkl62KLohKL3IcOzl0DSUcNXcitoQTFf7hKyxrcqE2WXxMElUcCNNDV43tA9-mVbavavPw2SppRGUGHYw5l2NgZiGwZxnLwgFYtRXnqgrcVaFHqTRwNANOYvPHoiROYg7ujnMni9F3TneYdASmcWbgWlXrvm3YNUOSIx3sdkRPTNU.meRog541ooxcd0VWoJBgYn8cyPW9wLY2yv-UprqE9wM&dib_tag=se&keywords=ethnic+wear+for+women&qid=1718987056&sr=8-248,https://m.media-amazon.com/images/I/71KAbmQe0NL.__AC_SX342_SY445_QL70_ML2_.jpg,ethnic+wear+for+women
Fabric Venue Kaftan Dresses for Women - Sanganeri Ethnic Prints - Free Size Kaftans for Women - Hand Block Printed Cotton Kaftans Rose Blue,https://www.amazon.com/Fabric-Venue-Womens-Sanganeri-Nightwear/dp/B08NF3SC2S/ref=sr_1_254?dib=eyJ2IjoiMSJ9.pXXMXotWGR2d2RpRJOC3IYRMSscNGanTL056OKLhBIBsvg34Olhu6BW80DgV2gItuxm2lu9HFfTpZLIg-sSI7q8FdcOISUGLw3-TkcMVQ7a6TtRnDkQNhpORJ_J1m9Tkl62KLohKL3IcOzl0DSUcNXcitoQTFf7hKyxrcqE2WXxMElUcCNNDV43tA9-mVbavavPw2SppRGUGHYw5l2NgZiGwZxnLwgFYtRXnqgrcVaFHqTRwNANOYvPHoiROYg7ujnMni9F3TneYdASmcWbgWlXrvm3YNUOSIx3sdkRPTNU.meRog541ooxcd0VWoJBgYn8cyPW9wLY2yv-UprqE9wM&dib_tag=se&keywords=ethnic+wear+for+women&qid=1718987056&sr=8-254,https://m.media-amazon.com/images/I/81J21aIXFVL.__AC_SY445_SX342_QL70_ML2_.jpg,ethnic+wear+for+women
Indian Pakistani Bridal Party Wedding Gold and Silver Plated Kada Bangle Bracelet Set in Meenakari Enamel Polki Kundan Zircon Size US Medium India 2-6 Inner Diameter 2.37 Inch,https://www.amazon.com/Ethnic-Indian-Pakistani-Openable-Zircons/dp/B084F8J1YB/ref=sr_1_273?dib=eyJ2IjoiMSJ9.pXXMXotWGR2d2RpRJOC3IYRMSscNGanTL056OKLhBIBsvg34Olhu6BW80DgV2gItuxm2lu9HFfTpZLIg-sSI7q8FdcOISUGLw3-TkcMVQ7a6TtRnDkQNhpORJ_J1m9Tkl62KLohKL3IcOzl0DSUcNXcitoQTFf7hKyxrcqE2WXxMElUcCNNDV43tA9-mVbavavPw2SppRGUGHYw5l2NgZiGwZxnLwgFYtRXnqgrcVaFHqTRwNANOYvPHoiROYg7ujnMni9F3TneYdASmcWbgWlXrvm3YNUOSIx3sdkRPTNU.meRog541ooxcd0VWoJBgYn8cyPW9wLY2yv-UprqE9wM&dib_tag=se&keywords=ethnic+wear+for+women&qid=1718987056&sr=8-273,https://m.media-amazon.com/images/I/71p2HqU6DiL.__AC_SX300_SY300_QL70_ML2_.jpg,ethnic+wear+for+women
"Saree Shapewear Petticoat for Women, Cotton Blended,Petticoat,Skirts for Women,Shape Wear (SDL21)",https://www.amazon.com/Womens-Elastic-Shapewear-Petticoat-Brown_SDL42/dp/B0BVDK5N4X/ref=sr_1_274?dib=eyJ2IjoiMSJ9.pXXMXotWGR2d2RpRJOC3IYRMSscNGanTL056OKLhBIBsvg34Olhu6BW80DgV2gItuxm2lu9HFfTpZLIg-sSI7q8FdcOISUGLw3-TkcMVQ7a6TtRnDkQNhpORJ_J1m9Tkl62KLohKL3IcOzl0DSUcNXcitoQTFf7hKyxrcqE2WXxMElUcCNNDV43tA9-mVbavavPw2SppRGUGHYw5l2NgZiGwZxnLwgFYtRXnqgrcVaFHqTRwNANOYvPHoiROYg7ujnMni9F3TneYdASmcWbgWlXrvm3YNUOSIx3sdkRPTNU.meRog541ooxcd0VWoJBgYn8cyPW9wLY2yv-UprqE9wM&dib_tag=se&keywords=ethnic+wear+for+women&qid=1718987056&sr=8-274,https://m.media-amazon.com/images/I/51ym8VE4p1L.__AC_SX342_SY445_QL70_ML2_.jpg,ethnic+wear+for+women
Delisa New Desiner Indian/Pakistani eid Special Ethnic/Partywear wear Anarkali Gown for Women LT,https://www.amazon.com/Desiner-Pakistani-Georgette-Anarkali-X-SMALL-36/dp/B07GVMYQ3T/ref=sr_1_279?dib=eyJ2IjoiMSJ9.pXXMXotWGR2d2RpRJOC3IYRMSscNGanTL056OKLhBIBsvg34Olhu6BW80DgV2gItuxm2lu9HFfTpZLIg-sSI7q8FdcOISUGLw3-TkcMVQ7a6TtRnDkQNhpORJ_J1m9Tkl62KLohKL3IcOzl0DSUcNXcitoQTFf7hKyxrcqE2WXxMElUcCNNDV43tA9-mVbavavPw2SppRGUGHYw5l2NgZiGwZxnLwgFYtRXnqgrcVaFHqTRwNANOYvPHoiROYg7ujnMni9F3TneYdASmcWbgWlXrvm3YNUOSIx3sdkRPTNU.meRog541ooxcd0VWoJBgYn8cyPW9wLY2yv-UprqE9wM&dib_tag=se&keywords=ethnic+wear+for+women&qid=1718987056&sr=8-279,https://m.media-amazon.com/images/I/61Us41zzwzL.__AC_SX342_SY445_QL70_ML2_.jpg,ethnic+wear+for+women
Janasya Indian Women's Pink Poly Silk Gold Print Lehenga Choli With Dupatta,https://www.amazon.com/Janasya-Indian-Lehenga-Dupatta-J0423-LCD-XXL/dp/B0B7XVZPBS/ref=sr_1_280?dib=eyJ2IjoiMSJ9.pXXMXotWGR2d2RpRJOC3IYRMSscNGanTL056OKLhBIBsvg34Olhu6BW80DgV2gItuxm2lu9HFfTpZLIg-sSI7q8FdcOISUGLw3-TkcMVQ7a6TtRnDkQNhpORJ_J1m9Tkl62KLohKL3IcOzl0DSUcNXcitoQTFf7hKyxrcqE2WXxMElUcCNNDV43tA9-mVbavavPw2SppRGUGHYw5l2NgZiGwZxnLwgFYtRXnqgrcVaFHqTRwNANOYvPHoiROYg7ujnMni9F3TneYdASmcWbgWlXrvm3YNUOSIx3sdkRPTNU.meRog541ooxcd0VWoJBgYn8cyPW9wLY2yv-UprqE9wM&dib_tag=se&keywords=ethnic+wear+for+women&qid=1718987056&sr=8-280,https://m.media-amazon.com/images/I/71LOVT3t7vL.__AC_SX342_SY445_QL70_ML2_.jpg,ethnic+wear+for+women
Ladies Designer Kolhapuri Chappal for Women Ethnic Sandals Beaded Mojari Flat Tribal Jutti,https://www.amazon.com/Shoe-Bazar-Designer-Kolhapuri-Chappal/dp/B09RB9WTLP/ref=sr_1_281?dib=eyJ2IjoiMSJ9.pXXMXotWGR2d2RpRJOC3IYRMSscNGanTL056OKLhBIBsvg34Olhu6BW80DgV2gItuxm2lu9HFfTpZLIg-sSI7q8FdcOISUGLw3-TkcMVQ7a6TtRnDkQNhpORJ_J1m9Tkl62KLohKL3IcOzl0DSUcNXcitoQTFf7hKyxrcqE2WXxMElUcCNNDV43tA9-mVbavavPw2SppRGUGHYw5l2NgZiGwZxnLwgFYtRXnqgrcVaFHqTRwNANOYvPHoiROYg7ujnMni9F3TneYdASmcWbgWlXrvm3YNUOSIx3sdkRPTNU.meRog541ooxcd0VWoJBgYn8cyPW9wLY2yv-UprqE9wM&dib_tag=se&keywords=ethnic+wear+for+women&qid=1718987056&sr=8-281,https://m.media-amazon.com/images/I/41u3QJzYCBL.__AC_SY395_SX395_QL70_ML2_.jpg,ethnic+wear+for+women
Indian/Pakistani Fashion Salwar Kameez for Women Dresses Cotton Ethnic wear Punjabi Patiala Salwar Kameez,https://www.amazon.com/stylishfashion-Pakistani-Fashion-Dresses-Punjabi/dp/B07S2X71RJ/ref=sr_1_282?dib=eyJ2IjoiMSJ9.pXXMXotWGR2d2RpRJOC3IYRMSscNGanTL056OKLhBIBsvg34Olhu6BW80DgV2gItuxm2lu9HFfTpZLIg-sSI7q8FdcOISUGLw3-TkcMVQ7a6TtRnDkQNhpORJ_J1m9Tkl62KLohKL3IcOzl0DSUcNXcitoQTFf7hKyxrcqE2WXxMElUcCNNDV43tA9-mVbavavPw2SppRGUGHYw5l2NgZiGwZxnLwgFYtRXnqgrcVaFHqTRwNANOYvPHoiROYg7ujnMni9F3TneYdASmcWbgWlXrvm3YNUOSIx3sdkRPTNU.meRog541ooxcd0VWoJBgYn8cyPW9wLY2yv-UprqE9wM&dib_tag=se&keywords=ethnic+wear+for+women&qid=1718987056&sr=8-282,https://m.media-amazon.com/images/I/619VpNJ84xL.__AC_SY445_SX342_QL70_ML2_.jpg,ethnic+wear+for+women
Round Neck Printed Kurti Indian Ethnic Wear for Women Party Wear Top 3/4 Sleeves Viscose Indian Kurta,https://www.amazon.com/Bani-Women-Printed-Sleeves-Viscose/dp/B0BGJ1Y5RS/ref=sr_1_283?dib=eyJ2IjoiMSJ9.pXXMXotWGR2d2RpRJOC3IYRMSscNGanTL056OKLhBIBsvg34Olhu6BW80DgV2gItuxm2lu9HFfTpZLIg-sSI7q8FdcOISUGLw3-TkcMVQ7a6TtRnDkQNhpORJ_J1m9Tkl62KLohKL3IcOzl0DSUcNXcitoQTFf7hKyxrcqE2WXxMElUcCNNDV43tA9-mVbavavPw2SppRGUGHYw5l2NgZiGwZxnLwgFYtRXnqgrcVaFHqTRwNANOYvPHoiROYg7ujnMni9F3TneYdASmcWbgWlXrvm3YNUOSIx3sdkRPTNU.meRog541ooxcd0VWoJBgYn8cyPW9wLY2yv-UprqE9wM&dib_tag=se&keywords=ethnic+wear+for+women&qid=1718987056&sr=8-283,https://m.media-amazon.com/images/I/810J2C--5aL.__AC_SY445_SX342_QL70_ML2_.jpg,ethnic+wear+for+women
caftans for women plus size swim cover up vneck batwing dress loose fit moroccan caftan mumu dresses for women,https://www.amazon.com/Butterfly-Batwing-Swimsuit-Coverups-LS-1127-5/dp/B0CHLQZ4L1/ref=sr_1_284?dib=eyJ2IjoiMSJ9.pXXMXotWGR2d2RpRJOC3IYRMSscNGanTL056OKLhBIBsvg34Olhu6BW80DgV2gItuxm2lu9HFfTpZLIg-sSI7q8FdcOISUGLw3-TkcMVQ7a6TtRnDkQNhpORJ_J1m9Tkl62KLohKL3IcOzl0DSUcNXcitoQTFf7hKyxrcqE2WXxMElUcCNNDV43tA9-mVbavavPw2SppRGUGHYw5l2NgZiGwZxnLwgFYtRXnqgrcVaFHqTRwNANOYvPHoiROYg7ujnMni9F3TneYdASmcWbgWlXrvm3YNUOSIx3sdkRPTNU.meRog541ooxcd0VWoJBgYn8cyPW9wLY2yv-UprqE9wM&dib_tag=se&keywords=ethnic+wear+for+women&qid=1718987056&sr=8-284,https://m.media-amazon.com/images/I/71q5gyu-UdL.__AC_SX342_SY445_QL70_ML2_.jpg,ethnic+wear+for+women
"Printed Cotton Kurti with Adjustable Shoulder Strap, Casual Sleeveless Summer Wear, Ethnic Indian Kurti for Girls",https://www.amazon.com/Bani-Women-Adjustable-Shoulder-Sleeveless/dp/B0BX9R7XCM/ref=sr_1_285?dib=eyJ2IjoiMSJ9.pXXMXotWGR2d2RpRJOC3IYRMSscNGanTL056OKLhBIBsvg34Olhu6BW80DgV2gItuxm2lu9HFfTpZLIg-sSI7q8FdcOISUGLw3-TkcMVQ7a6TtRnDkQNhpORJ_J1m9Tkl62KLohKL3IcOzl0DSUcNXcitoQTFf7hKyxrcqE2WXxMElUcCNNDV43tA9-mVbavavPw2SppRGUGHYw5l2NgZiGwZxnLwgFYtRXnqgrcVaFHqTRwNANOYvPHoiROYg7ujnMni9F3TneYdASmcWbgWlXrvm3YNUOSIx3sdkRPTNU.meRog541ooxcd0VWoJBgYn8cyPW9wLY2yv-UprqE9wM&dib_tag=se&keywords=ethnic+wear+for+women&qid=1718987056&sr=8-285,https://m.media-amazon.com/images/I/513piMlHRIL.__AC_SX342_SY445_QL70_ML2_.jpg,ethnic+wear+for+women
STELLACOUTURE women's indian traditional full length heavy embroidered ethnic salwar suit with dupatta (2318-O),https://www.amazon.com/STELLACOUTURE-womens-traditional-embroidered-dupatta/dp/B0CGNZPRFG/ref=sr_1_286?dib=eyJ2IjoiMSJ9.pXXMXotWGR2d2RpRJOC3IYRMSscNGanTL056OKLhBIBsvg34Olhu6BW80DgV2gItuxm2lu9HFfTpZLIg-sSI7q8FdcOISUGLw3-TkcMVQ7a6TtRnDkQNhpORJ_J1m9Tkl62KLohKL3IcOzl0DSUcNXcitoQTFf7hKyxrcqE2WXxMElUcCNNDV43tA9-mVbavavPw2SppRGUGHYw5l2NgZiGwZxnLwgFYtRXnqgrcVaFHqTRwNANOYvPHoiROYg7ujnMni9F3TneYdASmcWbgWlXrvm3YNUOSIx3sdkRPTNU.meRog541ooxcd0VWoJBgYn8cyPW9wLY2yv-UprqE9wM&dib_tag=se&keywords=ethnic+wear+for+women&qid=1718987056&sr=8-286,https://m.media-amazon.com/images/I/81bJAJ37O0L.__AC_SY445_SX342_QL70_ML2_.jpg,ethnic+wear+for+women
Swimsuit Cover ups Plus Size Caftans Beach Cover Up Maxi Beach Dress Kaftan,https://www.amazon.com/Onhaway-Coverup-Butterfly-coverups-loungewear/dp/B0CG39L9JM/ref=sr_1_287?dib=eyJ2IjoiMSJ9.pXXMXotWGR2d2RpRJOC3IYRMSscNGanTL056OKLhBIBsvg34Olhu6BW80DgV2gItuxm2lu9HFfTpZLIg-sSI7q8FdcOISUGLw3-TkcMVQ7a6TtRnDkQNhpORJ_J1m9Tkl62KLohKL3IcOzl0DSUcNXcitoQTFf7hKyxrcqE2WXxMElUcCNNDV43tA9-mVbavavPw2SppRGUGHYw5l2NgZiGwZxnLwgFYtRXnqgrcVaFHqTRwNANOYvPHoiROYg7ujnMni9F3TneYdASmcWbgWlXrvm3YNUOSIx3sdkRPTNU.meRog541ooxcd0VWoJBgYn8cyPW9wLY2yv-UprqE9wM&dib_tag=se&keywords=ethnic+wear+for+women&qid=1718987056&sr=8-287,https://m.media-amazon.com/images/I/71PSU1PB44L.__AC_SX342_SY445_QL70_ML2_.jpg,ethnic+wear+for+women
Mirraw Women's Wedding Ceremony Indian Designer Party and Festive Wear Saree with Blouse Piece for Anniversary Birthday Gift,https://www.amazon.com/Mirraw-Embroidered-Traditional-Wedding-Patywear/dp/B0C3LYGL3W/ref=sr_1_288?dib=eyJ2IjoiMSJ9.pXXMXotWGR2d2RpRJOC3IYRMSscNGanTL056OKLhBIBsvg34Olhu6BW80DgV2gItuxm2lu9HFfTpZLIg-sSI7q8FdcOISUGLw3-TkcMVQ7a6TtRnDkQNhpORJ_J1m9Tkl62KLohKL3IcOzl0DSUcNXcitoQTFf7hKyxrcqE2WXxMElUcCNNDV43tA9-mVbavavPw2SppRGUGHYw5l2NgZiGwZxnLwgFYtRXnqgrcVaFHqTRwNANOYvPHoiROYg7ujnMni9F3TneYdASmcWbgWlXrvm3YNUOSIx3sdkRPTNU.meRog541ooxcd0VWoJBgYn8cyPW9wLY2yv-UprqE9wM&dib_tag=se&keywords=ethnic+wear+for+women&qid=1718987056&sr=8-288,https://m.media-amazon.com/images/I/51gwH7BLShL.__AC_SX342_SY445_QL70_ML2_.jpg,ethnic+wear+for+women
Women's Punjabi Jutti for Ethnic Shoes Cream Gold Wedding Shoes Mojari Traditional Indian Jooti Sandles Handmade Juti,https://www.amazon.com/Bridal-Wedding-Punjabi-Ladies-Ethnic/dp/B0BZCTS6BB/ref=sr_1_297?dib=eyJ2IjoiMSJ9.GzWDiSa3gf2T8kaCIfXurd2vcaO8xVbYicFcoQS9ODhQiu43UAGPlxTqvP39Rko7ewdoi5PtJmnQlneXRDiHF5JxCJ-R7l-MdvY6NTunCIi6S4gAsjvZQUXC6PyY2i1g0BbDeQ2B1yjx9oTKqjvjdXhGsyhgoCyOVbvvJYoRPJS-K9__xNdd7sNltpC6TknZGWemRJIkfYlEDg42-VHqTAMuOnwm0rKVwnRuHfEahRO71c8khQ15vGTb88TaI2gAcdUjLIUlPxpT017aUICMRg.3qYsCCp8cp9crNvFr9sn_e7V22O9xQxnY93ymMp9lBk&dib_tag=se&keywords=ethnic+wear+for+women&qid=1718987058&sr=8-297,https://m.media-amazon.com/images/I/51rFJy-FMML.__AC_SY395_SX395_QL70_ML2_.jpg,ethnic+wear+for+women
Round Neck Printed Kurti Indian Ethnic Wear for Women Party Wear Top 3/4 Sleeves Viscose Indian Kurta,https://www.amazon.com/Bani-Women-Printed-Sleeves-Viscose/dp/B0BGJ1Y5RS/ref=sr_1_305?dib=eyJ2IjoiMSJ9.GzWDiSa3gf2T8kaCIfXurd2vcaO8xVbYicFcoQS9ODhQiu43UAGPlxTqvP39Rko7ewdoi5PtJmnQlneXRDiHF5JxCJ-R7l-MdvY6NTunCIi6S4gAsjvZQUXC6PyY2i1g0BbDeQ2B1yjx9oTKqjvjdXhGsyhgoCyOVbvvJYoRPJS-K9__xNdd7sNltpC6TknZGWemRJIkfYlEDg42-VHqTAMuOnwm0rKVwnRuHfEahRO71c8khQ15vGTb88TaI2gAcdUjLIUlPxpT017aUICMRg.3qYsCCp8cp9crNvFr9sn_e7V22O9xQxnY93ymMp9lBk&dib_tag=se&keywords=ethnic+wear+for+women&qid=1718987058&sr=8-305,https://m.media-amazon.com/images/I/810J2C--5aL.__AC_SY445_SX342_QL70_ML2_.jpg,ethnic+wear+for+women
We The People 1776 T Shirt American Flag Patriotic Tee Tops for Women 4th of July Ring Hole Short Sleeve Sexy V-Neck Tshirt,https://www.amazon.com/sspa/click?ie=UTF8&spc=MTozNTc5MDU5MjE1NDA3MjYyOjE3MTg5ODcwODQ6c3BfYXRmX25leHQ6MzAwMTc3NzA2MDQxNDAyOjowOjo&url=%2FMHTOR-Patriotic-American-Sleeveless-Green-Short%2Fdp%2FB09WRL84G7%2Fref%3Dsr_1_1729_sspa%3Fkeywords%3Dethnic%2Bwear%2Bfor%2Bwomen%26qid%3D1718987084%26sr%3D8-1729-spons%26sp_csd%3Dd2lkZ2V0TmFtZT1zcF9hdGZfbmV4dA%26psc%3D1,https://m.media-amazon.com/images/I/71pZ2R4CmXL.__AC_SX342_SY445_QL70_ML2_.jpg,ethnic+wear+for+women
Romanstii Women Casual V-Neck T-Shirts Loose Puff Short Sleeve Tops Tunic Blouses,https://www.amazon.com/sspa/click?ie=UTF8&spc=MTozNTc5MDU5MjE1NDA3MjYyOjE3MTg5ODcwODQ6c3BfYXRmX25leHQ6MzAwMjI1MDczNzg3MjAyOjowOjo&url=%2FRomanstii-Womens-Sleeve-Blouse-Pullover%2Fdp%2FB09QPCZMYT%2Fref%3Dsr_1_1730_sspa%3Fkeywords%3Dethnic%2Bwear%2Bfor%2Bwomen%26qid%3D1718987084%26sr%3D8-1730-spons%26sp_csd%3Dd2lkZ2V0TmFtZT1zcF9hdGZfbmV4dA%26psc%3D1,https://m.media-amazon.com/images/I/81Sp2cFpmhL.__AC_SY445_SX342_QL70_ML2_.jpg,ethnic+wear+for+women
Arolina Women's Stretchy Wide Leg Palazzo Lounge Pants Casual Comfy High Waist Palazzo Pants,https://www.amazon.com/sspa/click?ie=UTF8&spc=MTozNTc5MDU5MjE1NDA3MjYyOjE3MTg5ODcwODQ6c3BfYXRmX25leHQ6MzAwMTIzMjg1MDI4ODAyOjowOjo&url=%2FArolina-Womens-Stretchy-Palazzo-Lounge%2Fdp%2FB0773N89YY%2Fref%3Dsr_1_1731_sspa%3Fkeywords%3Dethnic%2Bwear%2Bfor%2Bwomen%26qid%3D1718987084%26sr%3D8-1731-spons%26sp_csd%3Dd2lkZ2V0TmFtZT1zcF9hdGZfbmV4dA%26psc%3D1,https://m.media-amazon.com/images/I/61cdb-+v53L._AC_SY445_SX342_.jpg,ethnic+wear+for+women
WEKILI Women's Tops Long Sleeve Lace Scoop Neck A-line Tunic Blouse,https://www.amazon.com/sspa/click?ie=UTF8&spc=MTozNTc5MDU5MjE1NDA3MjYyOjE3MTg5ODcwODQ6c3BfYXRmX25leHQ6MjAwMDE2NTk5MDY0NTMxOjowOjo&url=%2FWEKILI-Womens-Sleeve-Scoop-Blouse%2Fdp%2FB075Z5PP4T%2Fref%3Dsr_1_1732_sspa%3Fkeywords%3Dethnic%2Bwear%2Bfor%2Bwomen%26qid%3D1718987084%26sr%3D8-1732-spons%26sp_csd%3Dd2lkZ2V0TmFtZT1zcF9hdGZfbmV4dA%26psc%3D1,https://m.media-amazon.com/images/I/71k719gFYPL.__AC_SY445_SX342_QL70_ML2_.jpg,ethnic+wear+for+women
Women's Rayon Solid A-Line 3/4 Sleeve Kurta Pant Dupatta Set,https://www.amazon.com/sspa/click?ie=UTF8&spc=MTozNTc5MDU5MjE1NDA3MjYyOjE3MTg5ODcwODQ6c3BfbXRmOjMwMDExNDg3NjY4MjAwMjo6MDo6&url=%2FNehamta-Womens-Sleeve-Dupatta-Black_Medium%2Fdp%2FB0C36X5JM5%2Fref%3Dsr_1_1733_sspa%3Fkeywords%3Dethnic%2Bwear%2Bfor%2Bwomen%26qid%3D1718987084%26sr%3D8-1733-spons%26sp_csd%3Dd2lkZ2V0TmFtZT1zcF9tdGY%26psc%3D1,https://m.media-amazon.com/images/I/61TzsaYzLLL.__AC_SX342_SY445_QL70_ML2_.jpg,ethnic+wear+for+women
Ada Latest Indian Hand Embroidered Traditional Chikankari Georgette Kurta Kurti Kameez for Women,https://www.amazon.com/sspa/click?ie=UTF8&spc=MTozNTc5MDU5MjE1NDA3MjYyOjE3MTg5ODcwODQ6c3BfbXRmOjMwMDA1ODgxMTk2ODUwMjo6MDo6&url=%2FAda-Womens-Georgette-Handmade-Chikankari%2Fdp%2FB01J81MYDW%2Fref%3Dsr_1_1734_sspa%3Fkeywords%3Dethnic%2Bwear%2Bfor%2Bwomen%26qid%3D1718987084%26sr%3D8-1734-spons%26sp_csd%3Dd2lkZ2V0TmFtZT1zcF9tdGY%26psc%3D1,https://m.media-amazon.com/images/I/71NuNMH9m4L.__AC_SX342_SY445_QL70_ML2_.jpg,ethnic+wear+for+women
Women's Western Ethnic Style Print Aztec Hoodie Pullover Cowgirl Rhombus Printed Hooded Sweatshirt,https://www.amazon.com/sspa/click?ie=UTF8&spc=MTozNTc5MDU5MjE1NDA3MjYyOjE3MTg5ODcwODQ6c3BfbXRmOjMwMDA4MTY0NDczOTIwMjo6MDo6&url=%2FLanaoree-Western-Sweatshirt-Geometric-Pullover%2Fdp%2FB09G6L6SFL%2Fref%3Dsr_1_1735_sspa%3Fkeywords%3Dethnic%2Bwear%2Bfor%2Bwomen%26qid%3D1718987084%26sr%3D8-1735-spons%26sp_csd%3Dd2lkZ2V0TmFtZT1zcF9tdGY%26psc%3D1,https://m.media-amazon.com/images/I/71anKnZ9bWL.__AC_SX342_SY445_QL70_ML2_.jpg,ethnic+wear+for+women
Women's Muslin Mix Print Straight 3/4 Sleeve Kurta Palazzo Dupatta Set,https://www.amazon.com/sspa/click?ie=UTF8&spc=MTozNTc5MDU5MjE1NDA3MjYyOjE3MTg5ODcwODQ6c3BfbXRmOjMwMDExNDg3NjY4MjYwMjo6MDo6&url=%2FNehamta-Straight-Palazzo-Dupatta-Green_Medium%2Fdp%2FB0C36X34VH%2Fref%3Dsr_1_1736_sspa%3Fkeywords%3Dethnic%2Bwear%2Bfor%2Bwomen%26qid%3D1718987084%26sr%3D8-1736-spons%26sp_csd%3Dd2lkZ2V0TmFtZT1zcF9tdGY%26psc%3D1,https://m.media-amazon.com/images/I/71ErhCOq3KL.__AC_SX342_SY445_QL70_ML2_.jpg,ethnic+wear+for+women
Women's Western Ethnic Style Diamond Pattern Printed Crew Neck Short Sleeve T-Shirt,https://www.amazon.com/sspa/click?ie=UTF8&spc=MTozNTc5MDU5MjE1NDA3MjYyOjE3MTg5ODcwODQ6c3BfbXRmOjMwMDA0Njg3MDY0NTAwMjo6MDo6&url=%2FSasens-Western-Diamond-Pattern-WomenV-Neck%2Fdp%2FB09TW38G2T%2Fref%3Dsr_1_1737_sspa%3Fkeywords%3Dethnic%2Bwear%2Bfor%2Bwomen%26qid%3D1718987084%26sr%3D8-1737-spons%26sp_csd%3Dd2lkZ2V0TmFtZT1zcF9tdGY%26psc%3D1,https://m.media-amazon.com/images/I/81kXZ7pOQUL.__AC_SX342_SY445_QL70_ML2_.jpg,ethnic+wear+for+women
"ARA Pure Cotton Block Printed Embroidered Tunic, Top, Blouse",https://www.amazon.com/sspa/click?ie=UTF8&spc=MTozNTc5MDU5MjE1NDA3MjYyOjE3MTg5ODcwODQ6c3BfbXRmOjIwMDAxMzYxNTk0NTUzMTo6MDo6&url=%2FAyurvastram-Cotton-Printed-Embroidered-Blouse%2Fdp%2FB07NNRX2LY%2Fref%3Dsr_1_1738_sspa%3Fkeywords%3Dethnic%2Bwear%2Bfor%2Bwomen%26qid%3D1718987084%26sr%3D8-1738-spons%26sp_csd%3Dd2lkZ2V0TmFtZT1zcF9tdGY%26psc%3D1,https://m.media-amazon.com/images/I/71vArBwXcmL.__AC_SX342_SY445_QL70_ML2_.jpg,ethnic+wear+for+women
Yash Gallery Women's Cotton Slub Checks Print Anarkali Kurta,https://www.amazon.com/sspa/click?ie=UTF8&spc=MTozNTc5MDU5MjE1NDA3MjYyOjE3MTg5ODcwODQ6c3BfbXRmOjIwMDA5OTU2MjM1MzU5ODo6MDo6&url=%2FYash-Gallery-Womens-Cotton-Anarkali%2Fdp%2FB07RG7HPNM%2Fref%3Dsr_1_1739_sspa%3Fkeywords%3Dethnic%2Bwear%2Bfor%2Bwomen%26qid%3D1718987084%26sr%3D8-1739-spons%26sp_csd%3Dd2lkZ2V0TmFtZT1zcF9tdGY%26psc%3D1,https://m.media-amazon.com/images/I/71Sy4N4uxhS.__AC_SX342_SY445_QL70_ML2_.jpg,ethnic+wear+for+women
Women's Rayon Floral Print Straight 3/4 Sleeve Kurta Palazzo Set,https://www.amazon.com/sspa/click?ie=UTF8&spc=MTozNTc5MDU5MjE1NDA3MjYyOjE3MTg5ODcwODQ6c3BfbXRmOjMwMDExNDg3NjY4MjMwMjo6MDo6&url=%2FNehamta-Womens-Straight-Palazzo-Black_Small%2Fdp%2FB0C4NV1CZ4%2Fref%3Dsr_1_1740_sspa%3Fkeywords%3Dethnic%2Bwear%2Bfor%2Bwomen%26qid%3D1718987084%26sr%3D8-1740-spons%26sp_csd%3Dd2lkZ2V0TmFtZT1zcF9tdGY%26psc%3D1,https://m.media-amazon.com/images/I/81DrlLqkXcL.__AC_SX342_SY445_QL70_ML2_.jpg,ethnic+wear+for+women
We The People 1776 T Shirt American Flag Patriotic Tee Tops for Women 4th of July Ring Hole Short Sleeve Sexy V-Neck Tshirt,https://www.amazon.com/sspa/click?ie=UTF8&spc=MTo1MzY2NDEzODE2NzA4NzQxOjE3MTg5ODcwOTM6c3BfYXRmX25leHQ6MzAwMTc3NzA2MDQxNDAyOjowOjo&url=%2FMHTOR-Patriotic-American-Sleeveless-Green-Short%2Fdp%2FB09WRL84G7%2Fref%3Dsr_1_2209_sspa%3Fkeywords%3Dethnic%2Bwear%2Bfor%2Bwomen%26qid%3D1718987093%26sr%3D8-2209-spons%26sp_csd%3Dd2lkZ2V0TmFtZT1zcF9hdGZfbmV4dA%26psc%3D1,https://m.media-amazon.com/images/I/71pZ2R4CmXL.__AC_SX342_SY445_QL70_ML2_.jpg,ethnic+wear+for+women
AKEWEI Women's 3/4 Length Bell Sleeve Tops V Neck Dressy Casual Shirts Ladies Loose Fit Blouses Tunic,https://www.amazon.com/sspa/click?ie=UTF8&spc=MTo1MzY2NDEzODE2NzA4NzQxOjE3MTg5ODcwOTM6c3BfYXRmX25leHQ6MzAwMTQ1MTg4Mzc1OTAyOjowOjo&url=%2FAKEWEI-Sleeve-Shirts-Blouses-Multi-Orange%2Fdp%2FB0CP5WX3CZ%2Fref%3Dsr_1_2210_sspa%3Fkeywords%3Dethnic%2Bwear%2Bfor%2Bwomen%26qid%3D1718987093%26sr%3D8-2210-spons%26sp_csd%3Dd2lkZ2V0TmFtZT1zcF9hdGZfbmV4dA%26psc%3D1,https://m.media-amazon.com/images/I/71p9m32zJrL.__AC_SY445_SX342_QL70_ML2_.jpg,ethnic+wear+for+women
Womens Summer Tops Sexy Tie Dye V Neck Tank Top Loose Fit Cute Printed Workout Sleeveless T Shirts,https://www.amazon.com/sspa/click?ie=UTF8&spc=MTo1MzY2NDEzODE2NzA4NzQxOjE3MTg5ODcwOTM6c3BfYXRmX25leHQ6MzAwMTQ0Mzc4MzQzMTAyOjowOjo&url=%2FETCYY-Sleeveless-Printed-Workout-Athletic%2Fdp%2FB09VCJ9XR9%2Fref%3Dsr_1_2211_sspa%3Fkeywords%3Dethnic%2Bwear%2Bfor%2Bwomen%26qid%3D1718987093%26sr%3D8-2211-spons%26sp_csd%3Dd2lkZ2V0TmFtZT1zcF9hdGZfbmV4dA%26psc%3D1,https://m.media-amazon.com/images/I/71t+Hz3-8GL._AC_SY445_SX342_.jpg,ethnic+wear+for+women
Miusey Women's Long Sleeve Cowl Neck Form Fitting Casual Tunic Top Blouse,https://www.amazon.com/sspa/click?ie=UTF8&spc=MTo1MzY2NDEzODE2NzA4NzQxOjE3MTg5ODcwOTM6c3BfYXRmX25leHQ6MzAwMDk1NTUzMjI4NzAyOjowOjo&url=%2FMiusey-Boutique-Clothing-Sleeve-Draped%2Fdp%2FB01MXX9H46%2Fref%3Dsr_1_2212_sspa%3Fkeywords%3Dethnic%2Bwear%2Bfor%2Bwomen%26qid%3D1718987093%26sr%3D8-2212-spons%26sp_csd%3Dd2lkZ2V0TmFtZT1zcF9hdGZfbmV4dA%26psc%3D1,https://m.media-amazon.com/images/I/71quVLPbkdL.__AC_SY445_SX342_QL70_ML2_.jpg,ethnic+wear+for+women
"Pure Cotton, Hand Embroidered Shirt Tunic Top Kurti Blouse",https://www.amazon.com/sspa/click?ie=UTF8&spc=MTo1MzY2NDEzODE2NzA4NzQxOjE3MTg5ODcwOTM6c3BfbXRmOjIwMDAwMDI5MTc3MDUzMTo6MDo6&url=%2FAyurvastram-BIBAA-Cotton-Shirt-Blouse%2Fdp%2FB00G2P3BA8%2Fref%3Dsr_1_2213_sspa%3Fkeywords%3Dethnic%2Bwear%2Bfor%2Bwomen%26qid%3D1718987093%26sr%3D8-2213-spons%26sp_csd%3Dd2lkZ2V0TmFtZT1zcF9tdGY%26psc%3D1,https://m.media-amazon.com/images/I/719lMQ2HViL.__AC_SX342_SY445_QL70_ML2_.jpg,ethnic+wear+for+women
Ada Indian Hand Embroidered Chikankari Straight Cotton Blend Kurta Kurti Tunic Kameez for Women A208470,https://www.amazon.com/sspa/click?ie=UTF8&spc=MTo1MzY2NDEzODE2NzA4NzQxOjE3MTg5ODcwOTM6c3BfbXRmOjMwMDA1ODg1MzY1MjAwMjo6MDo6&url=%2FAda-Embroidered-Traditional-Chikankari-A411385%2Fdp%2FB0B45YW5NM%2Fref%3Dsr_1_2214_sspa%3Fkeywords%3Dethnic%2Bwear%2Bfor%2Bwomen%26qid%3D1718987093%26sr%3D8-2214-spons%26sp_csd%3Dd2lkZ2V0TmFtZT1zcF9tdGY%26psc%3D1,https://m.media-amazon.com/images/I/51dNCnLqb7L.__AC_SX342_SY445_QL70_ML2_.jpg,ethnic+wear+for+women
Ada Latest Indian Hand Embroidered Traditional Chikankari Georgette Kurta Kurti Kameez for Women,https://www.amazon.com/sspa/click?ie=UTF8&spc=MTo1MzY2NDEzODE2NzA4NzQxOjE3MTg5ODcwOTM6c3BfbXRmOjMwMDA1ODgxMTk2ODUwMjo6MDo6&url=%2FAda-Womens-Georgette-Handmade-Chikankari%2Fdp%2FB01J81MYDW%2Fref%3Dsr_1_2215_sspa%3Fkeywords%3Dethnic%2Bwear%2Bfor%2Bwomen%26qid%3D1718987093%26sr%3D8-2215-spons%26sp_csd%3Dd2lkZ2V0TmFtZT1zcF9tdGY%26psc%3D1,https://m.media-amazon.com/images/I/71NuNMH9m4L.__AC_SX342_SY445_QL70_ML2_.jpg,ethnic+wear+for+women
"Pure Cotton Round Neck, Hand Embroidered Tunic, Top, Kurti, Blouse",https://www.amazon.com/sspa/click?ie=UTF8&spc=MTo1MzY2NDEzODE2NzA4NzQxOjE3MTg5ODcwOTM6c3BfbXRmOjIwMDAwMTcyNjE4NTkzMTo6MDo6&url=%2FAyurvastram-Aditi-Pure-Cotton-Tunic%2Fdp%2FB00UO17ORM%2Fref%3Dsr_1_2216_sspa%3Fkeywords%3Dethnic%2Bwear%2Bfor%2Bwomen%26qid%3D1718987093%26sr%3D8-2216-spons%26sp_csd%3Dd2lkZ2V0TmFtZT1zcF9tdGY%26psc%3D1,https://m.media-amazon.com/images/I/61BGunlyMDS.__AC_SX342_SY445_QL70_ML2_.jpg,ethnic+wear+for+women
Ada Hand Embroidered Indian Chikankari Traditional Georgette Anarkali Kurta Kurti for Women A411207,https://www.amazon.com/sspa/click?ie=UTF8&spc=MTo1MzY2NDEzODE2NzA4NzQxOjE3MTg5ODcwOTM6c3BfbXRmOjMwMDA1ODgxMTk3MTgwMjo6MDo6&url=%2FAda-Chikankari-Embroidered-Georgette-Anarkali%2Fdp%2FB09JZDPXMR%2Fref%3Dsr_1_2217_sspa%3Fkeywords%3Dethnic%2Bwear%2Bfor%2Bwomen%26qid%3D1718987093%26sr%3D8-2217-spons%26sp_csd%3Dd2lkZ2V0TmFtZT1zcF9tdGY%26psc%3D1,https://m.media-amazon.com/images/I/61M6CsJibHL.__AC_SX342_SY445_QL70_ML2_.jpg,ethnic+wear+for+women
Women's Western Ethnic Style Print Aztec Hoodie Pullover Cowgirl Rhombus Printed Hooded Sweatshirt,https://www.amazon.com/sspa/click?ie=UTF8&spc=MTo1MzY2NDEzODE2NzA4NzQxOjE3MTg5ODcwOTM6c3BfbXRmOjMwMDA4MTY0NDczOTIwMjo6MDo6&url=%2FLanaoree-Western-Sweatshirt-Geometric-Pullover%2Fdp%2FB09G6L6SFL%2Fref%3Dsr_1_2218_sspa%3Fkeywords%3Dethnic%2Bwear%2Bfor%2Bwomen%26qid%3D1718987093%26sr%3D8-2218-spons%26sp_csd%3Dd2lkZ2V0TmFtZT1zcF9tdGY%26psc%3D1,https://m.media-amazon.com/images/I/71anKnZ9bWL.__AC_SX342_SY445_QL70_ML2_.jpg,ethnic+wear+for+women
Cotton Tunic Top Kurti Blouse; Hand Embroidered,https://www.amazon.com/sspa/click?ie=UTF8&spc=MTo1MzY2NDEzODE2NzA4NzQxOjE3MTg5ODcwOTM6c3BfbXRmOjIwMDAwMDQ2NzM2MzUzMTo6MDo6&url=%2FAyurvastram-Cotton-Tunic-Kurti-embroidered%2Fdp%2FB00GZHD2J8%2Fref%3Dsr_1_2219_sspa%3Fkeywords%3Dethnic%2Bwear%2Bfor%2Bwomen%26qid%3D1718987093%26sr%3D8-2219-spons%26sp_csd%3Dd2lkZ2V0TmFtZT1zcF9tdGY%26psc%3D1,https://m.media-amazon.com/images/I/811QTYsAGkL.__AC_SX342_SY445_QL70_ML2_.jpg,ethnic+wear+for+women
Women's Western Ethnic Style Diamond Pattern Printed Crew Neck Short Sleeve T-Shirt,https://www.amazon.com/sspa/click?ie=UTF8&spc=MTo1MzY2NDEzODE2NzA4NzQxOjE3MTg5ODcwOTM6c3BfbXRmOjMwMDA0Njg3MDY0NTAwMjo6MDo6&url=%2FSasens-Western-Diamond-Pattern-WomenV-Neck%2Fdp%2FB09TW38G2T%2Fref%3Dsr_1_2220_sspa%3Fkeywords%3Dethnic%2Bwear%2Bfor%2Bwomen%26qid%3D1718987093%26sr%3D8-2220-spons%26sp_csd%3Dd2lkZ2V0TmFtZT1zcF9tdGY%26psc%3D1,https://m.media-amazon.com/images/I/81kXZ7pOQUL.__AC_SX342_SY445_QL70_ML2_.jpg,ethnic+wear+for+women
Lotusmile Womens Tops Dressy Casual 3/4 Tiered Bell Sleeve Blouses Double Layered Chiffon Work Tunic Shirts,https://www.amazon.com/sspa/click?ie=UTF8&spc=MTo0MTM1ODIwNjUxMTcyODQ2OjE3MTg5ODcwOTU6c3Bfc2VhcmNoX3RoZW1hdGljOjMwMDAxODIxMzg2NDgwMjo6MTo6&url=%2FLotusmile-Blouses-Evening-Flattering-Clothes%2Fdp%2FB0C789GNHB%2Fref%3Dsxin_15_pa_sp_search_thematic_sspa%3Fcontent-id%3Damzn1.sym.2463b9cf-472a-4d4e-be1f-49d468f8269f%253Aamzn1.sym.2463b9cf-472a-4d4e-be1f-49d468f8269f%26cv_ct_cx%3Dethnic%2Bwear%2Bfor%2Bwomen%26dib%3DeyJ2IjoiMSJ9.terZFBt3yqPJpy5uEqgULrZCs3J3KiLVLGKETrTQodyvVMGRpKZQXKirQvwFH9T-.Lym_d7F5PP0Me7_Q6BZZ9PgY-3PFHdOOnZBzNjUVIzc%26dib_tag%3Dse%26keywords%3Dethnic%2Bwear%2Bfor%2Bwomen%26pd_rd_i%3DB0C789GNHB%26pd_rd_r%3D743bd923-e132-4c93-9568-134f59ecacbc%26pd_rd_w%3DESQqG%26pd_rd_wg%3Db9ECd%26pf_rd_p%3D2463b9cf-472a-4d4e-be1f-49d468f8269f%26pf_rd_r%3DJW1RANQFPDDEACSXTK2X%26qid%3D1718987095%26sbo%3DRZvfv%252F%252FHxDF%252BO5021pAnSA%253D%253D%26sr%3D1-2305-f853d353-bf33-45e7-b5c2-2cb2b31abc9b-spons%26sp_csd%3Dd2lkZ2V0TmFtZT1zcF9zZWFyY2hfdGhlbWF0aWM%26psc%3D1,https://m.media-amazon.com/images/I/7118DyMSfGL.__AC_SY445_SX342_QL70_ML2_.jpg,ethnic+wear+for+women
Summer Dresses for Women Beach Boho Sleeveless Vintage Floral Flowy Pocket Tshirt Tank Sundresses,https://www.amazon.com/sspa/click?ie=UTF8&spc=MTo0MTM1ODIwNjUxMTcyODQ2OjE3MTg5ODcwOTU6c3Bfc2VhcmNoX3RoZW1hdGljOjMwMDE4NDc3NjMxMjMwMjo6Mjo6&url=%2FDresses-Summer-Sleeveless-Vintage-Sundresses%2Fdp%2FB096ZKFY4D%2Fref%3Dsxin_15_pa_sp_search_thematic_sspa%3Fcontent-id%3Damzn1.sym.2463b9cf-472a-4d4e-be1f-49d468f8269f%253Aamzn1.sym.2463b9cf-472a-4d4e-be1f-49d468f8269f%26cv_ct_cx%3Dethnic%2Bwear%2Bfor%2Bwomen%26dib%3DeyJ2IjoiMSJ9.terZFBt3yqPJpy5uEqgULrZCs3J3KiLVLGKETrTQodyvVMGRpKZQXKirQvwFH9T-.Lym_d7F5PP0Me7_Q6BZZ9PgY-3PFHdOOnZBzNjUVIzc%26dib_tag%3Dse%26keywords%3Dethnic%2Bwear%2Bfor%2Bwomen%26pd_rd_i%3DB096ZKFY4D%26pd_rd_r%3D743bd923-e132-4c93-9568-134f59ecacbc%26pd_rd_w%3DESQqG%26pd_rd_wg%3Db9ECd%26pf_rd_p%3D2463b9cf-472a-4d4e-be1f-49d468f8269f%26pf_rd_r%3DJW1RANQFPDDEACSXTK2X%26qid%3D1718987095%26sbo%3DRZvfv%252F%252FHxDF%252BO5021pAnSA%253D%253D%26sr%3D1-2306-f853d353-bf33-45e7-b5c2-2cb2b31abc9b-spons%26sp_csd%3Dd2lkZ2V0TmFtZT1zcF9zZWFyY2hfdGhlbWF0aWM%26psc%3D1,https://m.media-amazon.com/images/I/81oGDmYnjYL.__AC_SX342_SY445_QL70_ML2_.jpg,ethnic+wear+for+women
Women's Western Ethnic Style Print Aztec Hoodie Pullover Cowgirl Rhombus Printed Hooded Sweatshirt,https://www.amazon.com/sspa/click?ie=UTF8&spc=MTo0MTM1ODIwNjUxMTcyODQ2OjE3MTg5ODcwOTU6c3Bfc2VhcmNoX3RoZW1hdGljOjMwMDA4MTY0NDczOTIwMjo6Mzo6&url=%2FLanaoree-Western-Sweatshirt-Geometric-Pullover%2Fdp%2FB09G6L6SFL%2Fref%3Dsxin_15_pa_sp_search_thematic_sspa%3Fcontent-id%3Damzn1.sym.2463b9cf-472a-4d4e-be1f-49d468f8269f%253Aamzn1.sym.2463b9cf-472a-4d4e-be1f-49d468f8269f%26cv_ct_cx%3Dethnic%2Bwear%2Bfor%2Bwomen%26dib%3DeyJ2IjoiMSJ9.terZFBt3yqPJpy5uEqgULrZCs3J3KiLVLGKETrTQodyvVMGRpKZQXKirQvwFH9T-.Lym_d7F5PP0Me7_Q6BZZ9PgY-3PFHdOOnZBzNjUVIzc%26dib_tag%3Dse%26keywords%3Dethnic%2Bwear%2Bfor%2Bwomen%26pd_rd_i%3DB09G6L6SFL%26pd_rd_r%3D743bd923-e132-4c93-9568-134f59ecacbc%26pd_rd_w%3DESQqG%26pd_rd_wg%3Db9ECd%26pf_rd_p%3D2463b9cf-472a-4d4e-be1f-49d468f8269f%26pf_rd_r%3DJW1RANQFPDDEACSXTK2X%26qid%3D1718987095%26sbo%3DRZvfv%252F%252FHxDF%252BO5021pAnSA%253D%253D%26sr%3D1-2307-f853d353-bf33-45e7-b5c2-2cb2b31abc9b-spons%26sp_csd%3Dd2lkZ2V0TmFtZT1zcF9zZWFyY2hfdGhlbWF0aWM%26psc%3D1,https://m.media-amazon.com/images/I/71anKnZ9bWL.__AC_SX342_SY445_QL70_ML2_.jpg,ethnic+wear+for+women
BeadChica Women's Tunic Tops For Leggings Short Sleeve Shirts Botton Up Casual Ruched Blouses Clothes,https://www.amazon.com/sspa/click?ie=UTF8&spc=MTo0MTM1ODIwNjUxMTcyODQ2OjE3MTg5ODcwOTU6c3Bfc2VhcmNoX3RoZW1hdGljOjIwMDAzNzQwMzY4NTQ5ODo6NDo6&url=%2FBeadChica-Leggings-Blouses-Clothing-Contrast-XL%2Fdp%2FB09123C1CP%2Fref%3Dsxin_15_pa_sp_search_thematic_sspa%3Fcontent-id%3Damzn1.sym.2463b9cf-472a-4d4e-be1f-49d468f8269f%253Aamzn1.sym.2463b9cf-472a-4d4e-be1f-49d468f8269f%26cv_ct_cx%3Dethnic%2Bwear%2Bfor%2Bwomen%26dib%3DeyJ2IjoiMSJ9.terZFBt3yqPJpy5uEqgULrZCs3J3KiLVLGKETrTQodyvVMGRpKZQXKirQvwFH9T-.Lym_d7F5PP0Me7_Q6BZZ9PgY-3PFHdOOnZBzNjUVIzc%26dib_tag%3Dse%26keywords%3Dethnic%2Bwear%2Bfor%2Bwomen%26pd_rd_i%3DB09123C1CP%26pd_rd_r%3D743bd923-e132-4c93-9568-134f59ecacbc%26pd_rd_w%3DESQqG%26pd_rd_wg%3Db9ECd%26pf_rd_p%3D2463b9cf-472a-4d4e-be1f-49d468f8269f%26pf_rd_r%3DJW1RANQFPDDEACSXTK2X%26qid%3D1718987095%26sbo%3DRZvfv%252F%252FHxDF%252BO5021pAnSA%253D%253D%26sr%3D1-2308-f853d353-bf33-45e7-b5c2-2cb2b31abc9b-spons%26sp_csd%3Dd2lkZ2V0TmFtZT1zcF9zZWFyY2hfdGhlbWF0aWM%26psc%3D1,https://m.media-amazon.com/images/I/71DuXX-gCcL.__AC_SX342_SY445_QL70_ML2_.jpg,ethnic+wear+for+women
PrinStory Women Kimono Robes Short Lightweight Robe Soft Knit Sleepwear Casual Knit Bathrobe Ladies Loungewear,https://www.amazon.com/sspa/click?ie=UTF8&spc=MTo2NzA2ODk0MzU4MTEyMzk4OjE3MTg5ODcxMDA6c3BfYXRmX25leHQ6MzAwMTIyMDc0NzA0MDAyOjowOjo&url=%2FPrinStory-Lightweight-Sleepwear-Loungewear-Blue-Medium%2Fdp%2FB08T6QP1TR%2Fref%3Dsr_1_2497_sspa%3Fkeywords%3Dethnic%2Bwear%2Bfor%2Bwomen%26qid%3D1718987100%26sr%3D8-2497-spons%26sp_csd%3Dd2lkZ2V0TmFtZT1zcF9hdGZfbmV4dA%26psc%3D1,https://m.media-amazon.com/images/I/71j1XMf1aOL.__AC_SX342_SY445_QL70_ML2_.jpg,ethnic+wear+for+women
Viracy Women's Summer Casual Sleeveless Swing Tunic Floral Tank Top (S-3XL),https://www.amazon.com/sspa/click?ie=UTF8&spc=MTo2NzA2ODk0MzU4MTEyMzk4OjE3MTg5ODcxMDA6c3BfYXRmX25leHQ6MjAwMDE2MDk0MzAxMDQxOjowOjo&url=%2FViracy-Sleeveless-Boutique-Irregular-Geometric%2Fdp%2FB07QRGLSZH%2Fref%3Dsr_1_2498_sspa%3Fkeywords%3Dethnic%2Bwear%2Bfor%2Bwomen%26qid%3D1718987100%26sr%3D8-2498-spons%26sp_csd%3Dd2lkZ2V0TmFtZT1zcF9hdGZfbmV4dA%26psc%3D1,https://m.media-amazon.com/images/I/81JQTXjxXCL.__AC_SX342_SY445_QL70_ML2_.jpg,ethnic+wear+for+women
Amoretu Women Summer Tunic Tops Short Sleeve Square Neck Shirts Pleated Loose Fit Tee Blouse,https://www.amazon.com/sspa/click?ie=UTF8&spc=MTo2NzA2ODk0MzU4MTEyMzk4OjE3MTg5ODcxMDA6c3BfYXRmX25leHQ6MzAwMTcyNDEwNjY2NzAyOjowOjo&url=%2FAmoretu-Summer-Sleeve-Pleated-Burgundy%2Fdp%2FB0CRTYXSXQ%2Fref%3Dsr_1_2499_sspa%3Fkeywords%3Dethnic%2Bwear%2Bfor%2Bwomen%26qid%3D1718987100%26sr%3D8-2499-spons%26sp_csd%3Dd2lkZ2V0TmFtZT1zcF9hdGZfbmV4dA%26psc%3D1,https://m.media-amazon.com/images/I/71hXPE17EZL.__AC_SY445_SX342_QL70_ML2_.jpg,ethnic+wear+for+women
Miusey Women's Long Sleeve Cowl Neck Form Fitting Casual Tunic Top Blouse,https://www.amazon.com/sspa/click?ie=UTF8&spc=MTo2NzA2ODk0MzU4MTEyMzk4OjE3MTg5ODcxMDA6c3BfYXRmX25leHQ6MzAwMDk1NTUzMjI4NzAyOjowOjo&url=%2FMiusey-Boutique-Clothing-Sleeve-Draped%2Fdp%2FB01MXX9H46%2Fref%3Dsr_1_2500_sspa%3Fkeywords%3Dethnic%2Bwear%2Bfor%2Bwomen%26qid%3D1718987100%26sr%3D8-2500-spons%26sp_csd%3Dd2lkZ2V0TmFtZT1zcF9hdGZfbmV4dA%26psc%3D1,https://m.media-amazon.com/images/I/71quVLPbkdL.__AC_SY445_SX342_QL70_ML2_.jpg,ethnic+wear+for+women
ladyline White Cotton Embroidered Kurta with Palazzo Pants Set Kurti Dress Womens,https://www.amazon.com/sspa/click?ie=UTF8&spc=MTo2NzA2ODk0MzU4MTEyMzk4OjE3MTg5ODcxMDA6c3BfbXRmOjMwMDIyMjk2MzQ4NzAwMjo6MDo6&url=%2Fladyline-Embroidered-Palazzo-HTL1490-Cream-Pink%2Fdp%2FB0D3XMDH7H%2Fref%3Dsr_1_2501_sspa%3Fkeywords%3Dethnic%2Bwear%2Bfor%2Bwomen%26qid%3D1718987100%26sr%3D8-2501-spons%26sp_csd%3Dd2lkZ2V0TmFtZT1zcF9tdGY%26psc%3D1,https://m.media-amazon.com/images/I/61F78Q7apmL.__AC_SX342_SY445_QL70_ML2_.jpg,ethnic+wear+for+women
ladyline Womens Cotton Kurta with Pants Set Jaipuri Ethnic Printed Tunic Kurti Dress,https://www.amazon.com/sspa/click?ie=UTF8&spc=MTo2NzA2ODk0MzU4MTEyMzk4OjE3MTg5ODcxMDA6c3BfbXRmOjMwMDE1NDQ1MDkwOTMwMjo6MDo6&url=%2Fladyline-Jaipuri-Printed-LLST1250-Denim-Blue%2Fdp%2FB0CRL5JX17%2Fref%3Dsr_1_2502_sspa%3Fkeywords%3Dethnic%2Bwear%2Bfor%2Bwomen%26qid%3D1718987100%26sr%3D8-2502-spons%26sp_csd%3Dd2lkZ2V0TmFtZT1zcF9tdGY%26psc%3D1,https://m.media-amazon.com/images/I/81MIgXoid+L._AC_SY445_SX342_.jpg,ethnic+wear+for+women
Ada Indian Hand Embroidered Chikankari Straight Cotton Blend Kurta Kurti Tunic Kameez for Women A208470,https://www.amazon.com/sspa/click?ie=UTF8&spc=MTo2NzA2ODk0MzU4MTEyMzk4OjE3MTg5ODcxMDA6c3BfbXRmOjMwMDA1ODg1MzY1MjAwMjo6MDo6&url=%2FAda-Embroidered-Traditional-Chikankari-A411385%2Fdp%2FB0B45YW5NM%2Fref%3Dsr_1_2503_sspa%3Fkeywords%3Dethnic%2Bwear%2Bfor%2Bwomen%26qid%3D1718987100%26sr%3D8-2503-spons%26sp_csd%3Dd2lkZ2V0TmFtZT1zcF9tdGY%26psc%3D1,https://m.media-amazon.com/images/I/51dNCnLqb7L.__AC_SX342_SY445_QL70_ML2_.jpg,ethnic+wear+for+women
Ada Latest Indian Hand Embroidered Traditional Chikankari Georgette Kurta Kurti Kameez for Women,https://www.amazon.com/sspa/click?ie=UTF8&spc=MTo2NzA2ODk0MzU4MTEyMzk4OjE3MTg5ODcxMDA6c3BfbXRmOjMwMDA1ODgxMTk2ODUwMjo6MDo6&url=%2FAda-Womens-Georgette-Handmade-Chikankari%2Fdp%2FB01J81MYDW%2Fref%3Dsr_1_2504_sspa%3Fkeywords%3Dethnic%2Bwear%2Bfor%2Bwomen%26qid%3D1718987100%26sr%3D8-2504-spons%26sp_csd%3Dd2lkZ2V0TmFtZT1zcF9tdGY%26psc%3D1,https://m.media-amazon.com/images/I/71NuNMH9m4L.__AC_SX342_SY445_QL70_ML2_.jpg,ethnic+wear+for+women
Ada Hand Embroidered Indian Chikankari Traditional Georgette Anarkali Kurta Kurti for Women A411207,https://www.amazon.com/sspa/click?ie=UTF8&spc=MTo2NzA2ODk0MzU4MTEyMzk4OjE3MTg5ODcxMDA6c3BfbXRmOjMwMDA1ODgxMTk3MTgwMjo6MDo6&url=%2FAda-Chikankari-Embroidered-Georgette-Anarkali%2Fdp%2FB09JZDPXMR%2Fref%3Dsr_1_2505_sspa%3Fkeywords%3Dethnic%2Bwear%2Bfor%2Bwomen%26qid%3D1718987100%26sr%3D8-2505-spons%26sp_csd%3Dd2lkZ2V0TmFtZT1zcF9tdGY%26psc%3D1,https://m.media-amazon.com/images/I/61M6CsJibHL.__AC_SX342_SY445_QL70_ML2_.jpg,ethnic+wear+for+women
"Pure Cotton Round Neck, Hand Embroidered Tunic, Top, Kurti, Blouse",https://www.amazon.com/sspa/click?ie=UTF8&spc=MTo2NzA2ODk0MzU4MTEyMzk4OjE3MTg5ODcxMDA6c3BfbXRmOjIwMDAwMTcyNjE4NTkzMTo6MDo6&url=%2FAyurvastram-Aditi-Pure-Cotton-Tunic%2Fdp%2FB00UO17ORM%2Fref%3Dsr_1_2506_sspa%3Fkeywords%3Dethnic%2Bwear%2Bfor%2Bwomen%26qid%3D1718987100%26sr%3D8-2506-spons%26sp_csd%3Dd2lkZ2V0TmFtZT1zcF9tdGY%26psc%3D1,https://m.media-amazon.com/images/I/61BGunlyMDS.__AC_SX342_SY445_QL70_ML2_.jpg,ethnic+wear+for+women
Short Sleeve Mexican Tee Shirts for Women Floral Embroidered Loose Tops Ethnic Style Boho T-Shirts,https://www.amazon.com/sspa/click?ie=UTF8&spc=MTo2NzA2ODk0MzU4MTEyMzk4OjE3MTg5ODcxMDA6c3BfbXRmOjIwMDE0MTQ4NTIwMTQ5ODo6MDo6&url=%2FMelliflo-Mexican-Embroidered-T-Shirts-Purple%2Fdp%2FB0BXNMMPT7%2Fref%3Dsr_1_2507_sspa%3Fkeywords%3Dethnic%2Bwear%2Bfor%2Bwomen%26qid%3D1718987100%26sr%3D8-2507-spons%26sp_csd%3Dd2lkZ2V0TmFtZT1zcF9tdGY%26psc%3D1,https://m.media-amazon.com/images/I/71vO8bP1IgL.__AC_SX342_SY445_QL70_ML2_.jpg,ethnic+wear+for+women
Women's Western Ethnic Style Print Aztec Hoodie Pullover Cowgirl Rhombus Printed Hooded Sweatshirt,https://www.amazon.com/sspa/click?ie=UTF8&spc=MTo2NzA2ODk0MzU4MTEyMzk4OjE3MTg5ODcxMDA6c3BfbXRmOjMwMDA4MTY0NDczOTIwMjo6MDo6&url=%2FLanaoree-Western-Sweatshirt-Geometric-Pullover%2Fdp%2FB09G6L6SFL%2Fref%3Dsr_1_2508_sspa%3Fkeywords%3Dethnic%2Bwear%2Bfor%2Bwomen%26qid%3D1718987100%26sr%3D8-2508-spons%26sp_csd%3Dd2lkZ2V0TmFtZT1zcF9tdGY%26psc%3D1,https://m.media-amazon.com/images/I/71anKnZ9bWL.__AC_SX342_SY445_QL70_ML2_.jpg,ethnic+wear+for+women
Miusey Women's Long Sleeve Cowl Neck Form Fitting Casual Tunic Top Blouse,https://www.amazon.com/sspa/click?ie=UTF8&spc=MToxMjg5NTg5MDM1MjU1NDI1OjE3MTg5ODcxMTk6c3BfYXRmX25leHQ6MzAwMDk1NTUzMjI4NzAyOjowOjo&url=%2FMiusey-Boutique-Clothing-Sleeve-Draped%2Fdp%2FB01MXX9H46%2Fref%3Dsr_1_3457_sspa%3Fkeywords%3Dethnic%2Bwear%2Bfor%2Bwomen%26qid%3D1718987119%26sr%3D8-3457-spons%26sp_csd%3Dd2lkZ2V0TmFtZT1zcF9hdGZfbmV4dA%26psc%3D1,https://m.media-amazon.com/images/I/71quVLPbkdL.__AC_SY445_SX342_QL70_ML2_.jpg,ethnic+wear+for+women
Spandex Shorts Women High Waisted Hot Pants for Gym Dance,https://www.amazon.com/sspa/click?ie=UTF8&spc=MToxMjg5NTg5MDM1MjU1NDI1OjE3MTg5ODcxMTk6c3BfYXRmX25leHQ6MjAwMTU2MDM1ODA4NDk4OjowOjo&url=%2FYEXIATODO-Workout-Lifting-Athletic-Mobility%2Fdp%2FB0BWD6BPJV%2Fref%3Dsr_1_3458_sspa%3Fkeywords%3Dethnic%2Bwear%2Bfor%2Bwomen%26qid%3D1718987119%26sr%3D8-3458-spons%26sp_csd%3Dd2lkZ2V0TmFtZT1zcF9hdGZfbmV4dA%26psc%3D1,https://m.media-amazon.com/images/I/71113sEDorL.__AC_SY445_SX342_QL70_ML2_.jpg,ethnic+wear+for+women
WEKILI Women's Tops Long Sleeve Lace Scoop Neck A-line Tunic Blouse,https://www.amazon.com/sspa/click?ie=UTF8&spc=MToxMjg5NTg5MDM1MjU1NDI1OjE3MTg5ODcxMTk6c3BfYXRmX25leHQ6MjAwMDE2NTk5MDY0NTMxOjowOjo&url=%2FWEKILI-Womens-Sleeve-Scoop-Blouse%2Fdp%2FB075Z5PP4T%2Fref%3Dsr_1_3459_sspa%3Fkeywords%3Dethnic%2Bwear%2Bfor%2Bwomen%26qid%3D1718987119%26sr%3D8-3459-spons%26sp_csd%3Dd2lkZ2V0TmFtZT1zcF9hdGZfbmV4dA%26psc%3D1,https://m.media-amazon.com/images/I/71k719gFYPL.__AC_SY445_SX342_QL70_ML2_.jpg,ethnic+wear+for+women
Arolina Women's Stretchy Wide Leg Palazzo Lounge Pants Casual Comfy High Waist Palazzo Pants,https://www.amazon.com/sspa/click?ie=UTF8&spc=MToxMjg5NTg5MDM1MjU1NDI1OjE3MTg5ODcxMTk6c3BfYXRmX25leHQ6MzAwMTIzMjg1MDI4ODAyOjowOjo&url=%2FArolina-Womens-Stretchy-Palazzo-Lounge%2Fdp%2FB0773N89YY%2Fref%3Dsr_1_3460_sspa%3Fkeywords%3Dethnic%2Bwear%2Bfor%2Bwomen%26qid%3D1718987119%26sr%3D8-3460-spons%26sp_csd%3Dd2lkZ2V0TmFtZT1zcF9hdGZfbmV4dA%26psc%3D1,https://m.media-amazon.com/images/I/61cdb-+v53L._AC_SY445_SX342_.jpg,ethnic+wear+for+women
"Pure Cotton, Hand Embroidered Shirt Tunic Top Kurti Blouse",https://www.amazon.com/sspa/click?ie=UTF8&spc=MToxMjg5NTg5MDM1MjU1NDI1OjE3MTg5ODcxMTk6c3BfbXRmOjIwMDAwMDI5MTc3MDUzMTo6MDo6&url=%2FAyurvastram-BIBAA-Cotton-Shirt-Blouse%2Fdp%2FB00G2P3BA8%2Fref%3Dsr_1_3461_sspa%3Fkeywords%3Dethnic%2Bwear%2Bfor%2Bwomen%26qid%3D1718987119%26sr%3D8-3461-spons%26sp_csd%3Dd2lkZ2V0TmFtZT1zcF9tdGY%26psc%3D1,https://m.media-amazon.com/images/I/719lMQ2HViL.__AC_SX342_SY445_QL70_ML2_.jpg,ethnic+wear+for+women
Ada Indian Hand Embroidered Chikankari Straight Cotton Blend Kurta Kurti Tunic Kameez for Women A208470,https://www.amazon.com/sspa/click?ie=UTF8&spc=MToxMjg5NTg5MDM1MjU1NDI1OjE3MTg5ODcxMTk6c3BfbXRmOjMwMDA1ODg1MzY1MjAwMjo6MDo6&url=%2FAda-Embroidered-Traditional-Chikankari-A411385%2Fdp%2FB0B45YW5NM%2Fref%3Dsr_1_3462_sspa%3Fkeywords%3Dethnic%2Bwear%2Bfor%2Bwomen%26qid%3D1718987119%26sr%3D8-3462-spons%26sp_csd%3Dd2lkZ2V0TmFtZT1zcF9tdGY%26psc%3D1,https://m.media-amazon.com/images/I/51dNCnLqb7L.__AC_SX342_SY445_QL70_ML2_.jpg,ethnic+wear+for+women
Ada Hand Embroidered Indian Chikankari Traditional Georgette Anarkali Kurta Kurti for Women A411207,https://www.amazon.com/sspa/click?ie=UTF8&spc=MToxMjg5NTg5MDM1MjU1NDI1OjE3MTg5ODcxMTk6c3BfbXRmOjMwMDA1ODgxMTk3MTgwMjo6MDo6&url=%2FAda-Chikankari-Embroidered-Georgette-Anarkali%2Fdp%2FB09JZDPXMR%2Fref%3Dsr_1_3463_sspa%3Fkeywords%3Dethnic%2Bwear%2Bfor%2Bwomen%26qid%3D1718987119%26sr%3D8-3463-spons%26sp_csd%3Dd2lkZ2V0TmFtZT1zcF9tdGY%26psc%3D1,https://m.media-amazon.com/images/I/61M6CsJibHL.__AC_SX342_SY445_QL70_ML2_.jpg,ethnic+wear+for+women
Women's Western Ethnic Style Print Aztec Hoodie Pullover Cowgirl Rhombus Printed Hooded Sweatshirt,https://www.amazon.com/sspa/click?ie=UTF8&spc=MToxMjg5NTg5MDM1MjU1NDI1OjE3MTg5ODcxMTk6c3BfbXRmOjMwMDA4MTY0NDczOTIwMjo6MDo6&url=%2FLanaoree-Western-Sweatshirt-Geometric-Pullover%2Fdp%2FB09G6L6SFL%2Fref%3Dsr_1_3464_sspa%3Fkeywords%3Dethnic%2Bwear%2Bfor%2Bwomen%26qid%3D1718987119%26sr%3D8-3464-spons%26sp_csd%3Dd2lkZ2V0TmFtZT1zcF9tdGY%26psc%3D1,https://m.media-amazon.com/images/I/71anKnZ9bWL.__AC_SX342_SY445_QL70_ML2_.jpg,ethnic+wear+for+women
Ada Latest Indian Hand Embroidered Traditional Chikankari Georgette Kurta Kurti Kameez for Women,https://www.amazon.com/sspa/click?ie=UTF8&spc=MToxMjg5NTg5MDM1MjU1NDI1OjE3MTg5ODcxMTk6c3BfbXRmOjMwMDA1ODgxMTk2ODUwMjo6MDo6&url=%2FAda-Womens-Georgette-Handmade-Chikankari%2Fdp%2FB01J81MYDW%2Fref%3Dsr_1_3465_sspa%3Fkeywords%3Dethnic%2Bwear%2Bfor%2Bwomen%26qid%3D1718987119%26sr%3D8-3465-spons%26sp_csd%3Dd2lkZ2V0TmFtZT1zcF9tdGY%26psc%3D1,https://m.media-amazon.com/images/I/71NuNMH9m4L.__AC_SX342_SY445_QL70_ML2_.jpg,ethnic+wear+for+women
Women's Western Ethnic Style Diamond Pattern Printed Crew Neck Short Sleeve T-Shirt,https://www.amazon.com/sspa/click?ie=UTF8&spc=MToxMjg5NTg5MDM1MjU1NDI1OjE3MTg5ODcxMTk6c3BfbXRmOjMwMDA0Njg3MDY0NTAwMjo6MDo6&url=%2FSasens-Western-Diamond-Pattern-WomenV-Neck%2Fdp%2FB09TW38G2T%2Fref%3Dsr_1_3466_sspa%3Fkeywords%3Dethnic%2Bwear%2Bfor%2Bwomen%26qid%3D1718987119%26sr%3D8-3466-spons%26sp_csd%3Dd2lkZ2V0TmFtZT1zcF9tdGY%26psc%3D1,https://m.media-amazon.com/images/I/81kXZ7pOQUL.__AC_SX342_SY445_QL70_ML2_.jpg,ethnic+wear+for+women
Cotton Tunic Top Kurti Blouse; Hand Embroidered,https://www.amazon.com/sspa/click?ie=UTF8&spc=MToxMjg5NTg5MDM1MjU1NDI1OjE3MTg5ODcxMTk6c3BfbXRmOjIwMDAwMDQ2NzM2MzUzMTo6MDo6&url=%2FAyurvastram-Cotton-Tunic-Kurti-embroidered%2Fdp%2FB00GZHD2J8%2Fref%3Dsr_1_3467_sspa%3Fkeywords%3Dethnic%2Bwear%2Bfor%2Bwomen%26qid%3D1718987119%26sr%3D8-3467-spons%26sp_csd%3Dd2lkZ2V0TmFtZT1zcF9tdGY%26psc%3D1,https://m.media-amazon.com/images/I/811QTYsAGkL.__AC_SX342_SY445_QL70_ML2_.jpg,ethnic+wear+for+women
Womens African Attir Bohemian Dashiki Traditional Tribal Vintage Ethnic Midi Dresses,https://www.amazon.com/sspa/click?ie=UTF8&spc=MToxMjg5NTg5MDM1MjU1NDI1OjE3MTg5ODcxMTk6c3BfbXRmOjMwMDEyMzg0NzM1ODUwMjo6MDo6&url=%2FSheKiss-Bohemian-Dresses-Dashiki-BlackBlue%2Fdp%2FB07QLCXB3G%2Fref%3Dsr_1_3468_sspa%3Fkeywords%3Dethnic%2Bwear%2Bfor%2Bwomen%26qid%3D1718987119%26sr%3D8-3468-spons%26sp_csd%3Dd2lkZ2V0TmFtZT1zcF9tdGY%26psc%3D1,https://m.media-amazon.com/images/I/71eAG-qKd2L.__AC_SX342_SY445_QL70_ML2_.jpg,ethnic+wear+for+women
